{"conv": [0.323, 0.391, 0.448, 0.475, 0.487, 0.518, 0.549, 0.609, 0.631, 0.638, 0.674, 0.69, 0.721, 0.739, 0.742, 0.739, 0.761, 0.783, 0.799, 0.801, 0.808, 0.83, 0.845, 0.859, 0.865, 0.882, 0.896, 0.906, 0.912, 0.913, 0.915, 0.928, 0.932, 0.94, 0.944, 0.951], "gen": 37, "data": {"fitness": [1.014028288030163, 0.9777733539397285, 0.9620290391560716, 0.9848092572144027, 0.9441211856581625, 0.9395479710487485, 0.803147443949594, 0.7890011218286583, 0.782472456109417, 1.015031050024548, 0.8035165958363234, 0.7884415536187933, 1.0032935699172203, 0.9963253276981744, 0.8057171643205552, 1.0226554828402594, 1.0130433372325587, 0.9864637332628755, 0.9890185792906414, 0.985515624129257, 0.8634760106354818, 1.0263341710253109, 0.8005294592851161, 0.7888526934460506, 1.0110013865127645, 0.8353706592276589, 0.8312146153814454, 0.9638893300912672, 0.9478107267709747, 0.8481011511809405, 0.9564872869553381, 0.7749883636083351, 0.7696408558032753, 1.0023527161317107, 0.9967036426077786, 0.9829849304976973, 1.0313027198593945, 0.7975559283499318, 0.7912167937336609, 1.0225652152965479, 1.0219509001844778, 1.0098512781881588, 1.0151754278497238, 1.0018211739603389, 0.8563433044886899, 1.0188447176628392, 0.983255586814277, 0.8434491921228311, 1.01036647316162, 1.0099782554360908, 0.8057032031536578, 1.0091408158642732, 0.8577338641826403, 0.8526515552309035, 1.0053012945276754, 0.9746890346799191, 0.7652947859347508, 1.0052380760473847, 0.8535075132871192, 0.7767425454293846, 0.9963045338344586, 0.9945888635284086, 0.9915782039133684, 1.0110540543397861, 0.8038637485299152, 0.7796814460724071, 0.9639023417060477, 0.8513473075298331, 0.7981504227846066, 0.7938296848170715, 0.7651733712763936, 0.760251052250392, 0.9684674250520402, 0.7775509482128703, 0.7717776860108896, 0.9875946434042123, 0.9491000711873168, 0.7725165378933553, 0.9630534743583786, 0.9532215609247817, 0.7801618458619257, 1.01021046849051, 0.78583650010587, 0.7700544048900655, 1.0095644996869424, 1.0078659947853796, 0.7777829440802299, 1.0127848846639844, 0.7663313250285266, 0.7523917236397022, 1.0010980476368458, 0.7839110082349535, 0.7832254381176244, 1.0095158698934257, 0.7745347510338845, 0.7720055974439258, 1.022492160422245, 0.8013365336933291, 0.7637312455043614, 1.0165944882663467, 0.9778581572094057, 0.8064258422766385, 1.020491422674725, 1.001922667571325, 0.7886202543689022, 1.0207130704638032, 0.8521955727794779, 0.8055880879709086], "mean": [7.531333855835935, 7.810588768496625, 7.938414814501205, 7.7547865441665635, 8.088988672670288, 8.128361522501413, 9.508821367669347, 9.679308894665155, 9.760069529334336, 7.523893555997347, 9.504452821497884, 9.686178438166584, 7.611915201496838, 7.66515249999793, 9.478494333501052, 7.467798984665326, 7.538656339500449, 7.741780380669904, 7.721781710000262, 7.749228311996073, 8.844467573333532, 7.441032162835957, 9.539918222668348, 9.681130127166398, 7.553882396501042, 9.14203233266259, 9.187742172834987, 7.923093801332773, 8.057500681000723, 9.00480510583293, 7.98440886833608, 9.854322897003536, 9.922791284833997, 7.619060090832742, 7.662243067995102, 7.769178691834289, 7.405183201163406, 9.575485937665993, 9.652203589333416, 7.4684582089976175, 7.472947648500849, 7.562485428665241, 7.522823510999539, 7.62310258050032, 8.91813544449542, 7.4957306486661155, 7.767040105167932, 9.05447020133579, 7.558629249166795, 7.561534652168727, 9.478658576166103, 7.567809622164835, 8.903677347162253, 8.956748544660513, 7.596713162500237, 7.8353047020015465, 9.979142308004763, 7.597190912669855, 8.947766080001506, 9.832068065996282, 7.665312479332594, 7.678535178167901, 7.701848977999664, 7.553488899665051, 9.50034827467122, 9.795007454503017, 7.922986848335616, 8.97047011116471, 9.568353731835183, 9.620433353001621, 9.980725758500435, 10.045346933504334, 7.885640114334819, 9.821845878999738, 9.895317932668453, 7.732915146332137, 8.046554634500353, 9.885853832000672, 7.929970432332387, 8.011763360669041, 9.788975988667517, 7.559796512333075, 9.718288187667591, 9.917462360996675, 7.564633640332128, 7.5773819296712945, 9.818916234333301, 7.540580129165998, 9.965644528667326, 10.1502785536674, 7.628609000331683, 9.742158862665141, 9.750686334666776, 7.564998039330628, 9.860094161330684, 9.892396637670268, 7.468991814336429, 9.530309995000911, 9.999571997834815, 7.512322429999283, 7.809911406999163, 9.470164739335209, 7.483635243498914, 7.622330368998519, 9.6839835574962, 7.482010172502972, 8.96154101283173, 9.480013037000996], "lower": [7.236677188004251, 7.323888499988243, 7.538543054004549, 7.3742854119918775, 7.63426027901005, 7.663360767008271, 7.383406548004132, 7.210346963998745, 7.247226450010203, 7.254154663009103, 7.444834756999626, 7.442935073006083, 7.166528981004376, 7.512966538997716, 7.4037838600052055, 7.212484055009554, 7.2126593879947904, 7.439103220007382, 7.590262798999902, 7.385093848002725, 7.197948978995555, 7.1584371060016565, 7.3951320230116835, 7.477238851002767, 7.2632587179978145, 7.300882757001091, 7.450561167002888, 7.515351688998635, 7.584137660000124, 7.307899228006136, 7.478570353006944, 7.530162665003445, 7.350971697000205, 7.4762950989970705, 7.478137343990966, 7.255626671001664, 7.151644026002032, 7.412066454999149, 7.4767001410073135, 7.206737200991483, 7.168298935997882, 7.212196899010451, 7.267999610994593, 7.237362291998579, 7.193987982987892, 7.150112752991845, 7.380660308001097, 7.26363707499695, 7.272300728000118, 7.267009078001138, 7.529525239006034, 7.323100681998767, 7.227732929997728, 7.252671024994925, 7.305603557993891, 7.495924536997336, 7.5123047350061825, 7.339642727994942, 7.334487995001837, 7.324328508999315, 7.334262340009445, 7.332240400995943, 7.352692271990236, 7.263361759993131, 7.482534879003651, 7.6500383309903555, 7.5701230080012465, 7.236787027999526, 7.506283035007073, 7.546711806993699, 7.51780845799658, 7.529509408006561, 7.494394604000263, 7.491753711990896, 7.221752217999892, 7.518077507993439, 7.47501289700449, 7.363894763999269, 7.516913525993004, 7.524825721004163, 7.248529023010633, 7.3020253050053725, 7.515151974002947, 7.351130116003333, 7.274292953006807, 7.328879339998821, 7.616234004002763, 7.240895601004013, 7.450160667998716, 7.4211005739925895, 7.314756772000692, 7.541337868999108, 7.605562124008429, 7.229160194998258, 7.245415277007851, 7.357222783000907, 7.257720398003585, 7.447307277005166, 7.4387779160024365, 7.223694318003254, 7.4651277139928425, 7.48393866000697, 7.227764299008413, 7.446917223001947, 7.2019394200033275, 7.175576990004629, 7.229751281993231, 7.412765069006127],