{"critical_gen": 37, "data": {"upper": [9.480999991006684, 10.061168448999524, 9.619646637991536, 9.466455521003809, 9.554890614992473, 9.424986821017228, 9.478785129031166, 9.410969224001747, 10.018887743994128, 9.518408017000183, 9.580567946017254, 9.596196361992043, 9.743847408972215, 9.430043180007488, 9.691627665015403, 9.468929761031177, 9.702173137047794, 9.573370628990233, 9.673058749001939, 9.630814421980176, 9.42976557300426, 9.76846101297997, 9.488370464008767, 9.453449396009091, 9.537461506028194, 9.521219296962954, 9.595175200025551, 9.647551910020411, 9.509343289013486, 9.44669700198574, 9.492707424040418, 9.387912033998873, 9.489488800987601, 9.519935703021474, 9.420522421016358, 9.480978258012328, 9.621518191008363, 9.428353343042545, 9.616752706991974, 9.501487867033575, 9.461448978981934, 9.601513465982862, 9.64365220000036, 9.405186084972229, 9.367022510967217, 9.443562153959647, 9.539073893975, 9.589155803027097, 9.585470973979682, 9.500200157985091, 9.431563912017737, 9.414827326952945, 9.467872823996004, 9.588749517977703, 9.65595134801697, 9.438894480990712, 9.418751957011409, 9.608043888991233, 9.526853117975406, 9.583380206022412, 9.423657120962162, 9.47515034704702, 9.439143706986215, 9.432538389984984, 9.456430428021122, 9.593208923994098, 9.43874741496984, 10.07057334604906, 9.70421398099279, 9.418171563011128, 9.909012208983768, 9.459397059981711, 9.38693645998137, 9.63917952904012, 9.47668348904699, 9.438751365989447, 9.494077768002171, 9.693232992955018, 9.53253994899569, 9.424466248950921, 9.506377379992045, 9.666832999966573, 9.500350582995452, 9.52896577399224, 9.42379129701294, 9.53143212897703, 9.334743576997425, 9.491462598962244, 9.437408277008217, 9.505360249022488, 10.125170802988578, 9.404758454009425, 9.813827838981524, 9.488053636974655, 9.540407342021354, 9.500062985986006, 9.525398635014426, 9.511852517956868, 10.142123464029282, 9.574444676982239, 9.405125946970657, 9.456836714991368, 9.477953171008267, 9.574441496049985, 9.522026922961231, 9.444641923997551, 9.470317412982695, 9.367589800967835, 9.53520657797344, 9.399072099011391, 9.378279685974121, 9.407834200013895, 9.552493407973088, 9.454722034046426, 9.672083451994695, 9.698247871012427, 10.325100823014509, 9.559908279043157, 9.423044897033833, 9.436734111048281, 9.553704812016804, 9.629330390016548, 9.557709738961421, 9.404722495994065, 9.62712413200643, 9.471170592994895, 9.393208755995147, 9.58934586000396, 9.74896409997018, 9.615917224960867, 9.702022987999953, 9.636843565967865, 9.523390804009978, 9.468387555039953, 9.77018400497036, 9.588606836041436, 9.73474843899021, 9.52241903898539, 9.434061988955364, 9.387743833009154, 9.417902523011435, 9.63087493198691, 9.687998679990415, 9.432982026017271, 9.66224565502489, 9.56758011301281, 10.073511061957106, 9.48622640495887, 9.563040130014997, 9.57352776802145, 9.5286762980395, 9.626494178024586, 9.475431083003059, 9.689890843990725, 9.565708885958884, 10.102608822984621, 9.464828154013958, 10.109686984040309, 9.416569386958145, 9.57609649799997, 9.660884604032617, 9.478031708975323, 9.547219752974343, 9.763881269958802, 9.7895766380243, 9.553670323977713, 9.462066843989305, 9.538728078012355, 10.384407986013684, 9.65429607394617, 9.454735909996089, 9.443247728981078, 9.45943232200807, 9.52493711799616, 9.540320034953766, 9.669819488015492, 9.43469715496758, 10.181794259988237, 9.449728814011905, 9.727392019995023, 9.496923671977129, 9.591303038003389, 9.391914785956033, 9.632285749015864, 9.494835346005857, 9.633480796997901, 9.454458336986136, 10.099721130041871, 9.723377043032087, 9.497324133990332, 9.505385925003793, 9.579977884946857, 9.56992076698225, 9.528508085000794, 9.548880517017096, 9.758439375029411, 9.55310814495897, 9.407622180006001, 9.609928770980332, 9.555271652992815, 9.432164911995642, 9.996445794007741, 9.318741587980185, 9.398656579025555, 9.606725116027519, 9.628002729965374, 9.46001530601643, 9.362782141950447, 9.417296355008148, 9.407780376030132, 9.721963271964341, 9.430650520022027, 9.395338186004665, 9.412059081019834, 9.472883607959375, 9.417253696010448, 9.594004283950198, 9.407525404996704, 9.488316714996472, 9.443013854965102, 9.5389107199735, 9.521720460033976, 9.824973861977924, 9.383919992949814, 9.520082449016627, 9.391676658007782, 9.413029542018194, 9.599427110049874, 9.601539471012075, 9.476557762012817, 9.716771622013766, 9.518456803984009, 9.433895591006149, 9.623554702964611, 9.48557829298079, 9.547103390970733, 9.696372130012605, 9.374062152055558, 9.40682645299239, 9.562714693020098, 9.71582409198163, 9.589480717026163, 9.41827722499147, 9.530182019982021, 9.58227238804102, 9.518931313010398, 9.633782338001765, 9.688271675026044, 9.507623145997059, 9.633510829007719, 10.214532935002353, 9.552832980989479, 9.400692288996652, 9.50180419703247, 9.574756612011697, 9.551190404978115, 9.60293593199458, 9.388122592994478, 9.494808802963234, 9.421704510983545, 9.525079898012336, 9.489529095008038, 9.570292206015438, 9.462534279038664, 9.436407233995851, 9.388625533960294, 9.475646432023495], "fitness": ["-0.05", "-0.45", "-0.61", "1.12", "0.64", "0.45", "1.57", "1.12", "0.77", "1.12", "1.06", "0.81", "1.09", "0.95", "0.75", "1.43", "1.26", "1.01", "1.14", "1.09", "0.99", "1.03", "0.98", "0.95", "1.49", "0.68", "0.60", "1.18", "1.08", "0.83", "1.26", "0.73", "0.72", "1.03", "1.01", "0.99", "1.50", "0.94", "0.89", "1.23", "1.00", "0.76", "1.56", "1.07", "0.85", "1.51", "0.86", "0.80", "1.66", "1.37", "1.02", "1.48", "1.26", "1.08", "1.61", "1.54", "1.14", "1.18", "1.12", "1.03", "1.71", "1.29", "1.24", "1.51", "1.15", "0.99", "1.41", "1.14", "1.07", "1.46", "1.30", "0.93", "1.05", "0.80", "0.73", "1.65", "0.78", "0.77", "1.23", "1.16", "1.06", "0.91", "0.61", "0.38", "1.61", "1.42", "1.24", "1.33", "1.19", "1.07", "1.19", "1.13", "1.07", "1.32", "1.10", "1.05", "1.09", "0.83", "0.78", "1.64", "1.28", "1.06", "1.63", "1.42", "1.19", "1.19", "1.02", "0.98", "1.68", "1.43", "1.06", "0.83", "0.73", "0.57", "1.73", "1.40", "1.18", "1.37", "1.18", "1.05", "0.81", "0.77", "0.69", "1.35", "1.16", "1.10", "1.13", "1.05", "1.01", "1.69", "0.80", "0.63", "1.37", "1.28", "0.64", "2.01", "1.29", "0.92", "1.86", "1.50", "1.48", "1.46", "1.41", "1.13", "1.49", "1.43", "1.33", "0.92", "0.30", "0.20", "1.54", "1.19", "1.03", "1.23", "1.16", "0.67", "1.40", "1.31", "0.87", "0.94", "0.47", "0.34", "1.08", "0.90", "0.83", "1.12", "1.03", "0.86", "1.27", "0.96", "0.76", "1.18", "0.97", "0.94", "1.50", "1.27", "1.16", "1.56", "1.15", "1.03", "1.58", "0.87", "0.66", "0.72", "0.70", "0.68", "1.76", "1.17", "1.06", "1.37", "1.10", "0.71", "1.33", "1.22", "1.10", "0.87", "0.76", "0.69", "0.98", "0.79", "0.75", "1.57", "1.27", "1.20", "1.25", "1.19", "1.01", "1.19", "1.02", "0.87", "1.84", "1.16", "1.05", "1.04", "1.01", "0.87", "1.43", "0.96", "0.95", "0.94", "0.79", "0.79", "1.45", "1.10", "1.08", "1.66", "1.19", "1.12", "1.40", "0.99", "0.88", "2.17", "1.52", "1.31", "1.71", "1.58", "1.52", "2.09", "2.04", "2.02", "1.37", "1.15", "1.13", "1.18", "0.87", "0.86", "0.86", "0.68", "0.57", "0.98", "0.54", "0.41", "1.61", "1.30", "1.27", "1.43", "1.40", "1.17", "1.44", "1.31", "1.24", "1.44", "1.34", "1.31", "2.00", "1.45", "1.42"],