{"gen": 48, "confirmation": {"default": {"min": [7.293786649999674, 8.539498969970737, 7.19401768699754, 9.71822645701468, 7.940603873983491, 7.70251010498032, 7.725402996991761, 7.501121423963923, 7.578020012006164, 7.618142805004027, 8.266688301984686], "mean": [7.889577438996639, 9.994457155247801, 7.710054566239705, 13.084871442755684, 14.940126747751492, 13.692677063503652, 11.1613062859833, 12.261616929987213, 11.45087792025879, 8.912941044240142, 9.531593486492056], "max": [8.57762327697128, 11.732836807030253, 8.686734980961774, 16.364965508983005, 21.898129519016948, 19.797933326044586, 14.196626605989877, 17.466127404011786, 15.462342967977747, 10.580157806980424, 11.091559688036796]}, "winner": {"min": [7.351675458950922, 7.091376162017696, 7.1683651820058, 7.108923236955889, 7.727503807051107, 7.394978692987934, 8.85891381604597, 7.337653785012662, 8.51017182203941, 7.9168339960160665, 7.688482371973805], "mean": [7.591351055743871, 8.320855467274669, 7.46713275249931, 7.87191503799113, 8.392759317022865, 10.656324762501754, 9.477521846740274, 11.014421503248741, 9.195203846509685, 8.423371920507634, 8.421313712751726], "max": [8.108779564034194, 9.718510159000289, 7.600190774013754, 8.75587827299023, 9.605944278999232, 13.923221356992144, 10.00087597995298, 14.914224460022524, 9.750316957011819, 9.204032075998839, 9.427213007002138]}}, "data": {"upper": [8.206748232012615, 8.699398756027222, 8.659503639966715, 7.663770071987528, 13.287938077002764, 10.890947235981002, 8.097630397998728, 10.663217228022404, 14.112912777985912, 7.538556544983294, 7.648292861995287, 8.02720822399715, 7.519694812013768, 7.947625277040061, 8.264564387965947, 7.56338882498676, 11.727974919020198, 9.6724079780397, 7.789399610017426, 7.7221969260135666, 10.497132931952365, 7.723717487009708, 9.968987253960222, 9.196433042001445, 7.418886493018363, 10.312136265041772, 14.005635474983137, 7.5925396990496665, 7.533701217034832, 8.7738305949606, 7.503578247036785, 7.691515461017843, 7.602772461017594, 7.482621347007807, 7.567417067999486, 8.496499617991503, 7.526773294026498, 7.62999561795732, 7.759160907007754, 7.561282132053748, 7.59871865902096, 7.574039485014509, 7.599412828043569, 7.508491985034198, 8.474303341994528, 7.854456249042414, 7.736309610016178, 7.970212386979256, 7.5532253790297545, 7.966443445999175, 7.863341404998209, 7.605327716970351, 7.609246369975153, 7.889186188986059, 7.5799067369662225, 7.620377363986336, 7.878159541985951, 7.510274783009663, 7.837249413947575, 8.446999926993158, 7.720608980045654, 7.5519948420114815, 8.883534487977158, 7.619820044958033, 7.730767524975818, 8.44014405598864, 7.553137001988944, 7.658977929037064, 7.703072061005514, 7.58239555999171, 7.541287788015325, 7.621460430033039, 9.797587292036042, 9.056848355045076, 9.141932495986111, 8.301831596996635, 8.511230937961955, 9.69425746804336, 7.483399195014499, 7.7133536410401575, 9.470583717047703, 8.06243882799754, 8.227861748018768, 8.393073217011988, 7.538702271005604, 7.673549855011515, 7.528168398013804, 7.546507695980836, 8.84592267399421, 9.08534652099479, 7.456302381004207, 7.629757176968269, 9.271669446956366, 7.616768358973786, 7.537354972038884, 7.611138754000422, 7.548970306001138, 7.663246418989729, 8.838602758012712, 7.558518708043266, 8.689887438027654, 9.984913139021955, 7.656584454991389, 9.233402787009254, 9.763454564032145, 8.325065333978273, 17.970334901008755, 14.304366175027099, 7.504673215036746, 8.213216425967403, 7.650181186036207, 7.4562518770108, 7.796913036960177, 8.356493016006425, 7.651598516036756, 7.890679623000324, 7.755419084976893, 7.5926648449967615, 7.677681370987557, 8.02933342201868, 7.648643716005608, 8.488729397999123, 9.261049440014176, 7.771706363011617, 7.629829760990106, 7.665451654989738, 7.728228150983341, 7.926651187008247, 11.386491521028802, 7.638978244969621, 8.338598583999556, 10.912532655987889, 8.159768713987432, 7.635070652002469, 7.770624853961635, 7.673552997002844, 8.353599289024714, 8.297720919013955, 7.576994708040729, 7.772515878954437, 7.552126907976344], "lower": [7.290402090991847, 7.298389597970527, 7.159901594975963, 7.1227827240363695, 7.244093222951051, 9.582895005005412, 7.119983337004669, 8.826215758046601, 7.427214344032109, 7.45375852601137, 7.423136145982426, 7.277974594035186, 7.323133327998221, 7.552010958024766, 7.506357038044371, 7.249384461028967, 7.365004032966681, 8.33312184701208, 7.332937111030333, 7.425709837989416, 7.674530891992617, 7.418108905025292, 7.551854268007446, 8.67250863602385, 7.363542945997324, 7.5018547519575804, 7.280742609989829, 7.0358381550177, 7.060732148005627, 7.157643235987052, 7.053607618028764, 7.022427649004385, 7.035647084005177, 7.096219311992172, 7.068430731014814, 7.056258851021994, 7.0463111770222895, 7.049917009018827, 7.287163357017562, 7.106737035035621, 7.092620619980153, 7.225420119008049, 7.019793965970166, 7.145724400994368, 7.1072564289788716, 7.283365027979016, 7.2729150030063465, 7.677518942044117, 7.060644944023807, 7.2096794579993, 7.674913224007469, 7.016144533990882, 7.09878745401511, 7.152305167983286, 7.050311052007601, 7.046122221974656, 7.413878079969436, 7.296601534006186, 7.465856037975755, 7.406153824995272, 7.065256505040452, 7.307326474983711, 7.170712040038779, 7.106024398992304, 7.364647067035548, 7.454884718987159, 7.1376891160034575, 7.090885916957632, 7.127572541008703, 7.055608963011764, 7.090879310970195, 7.223513125034515, 7.056611491017975, 7.372886541008484, 7.997152195952367, 7.260837403999176, 7.665215677989181, 7.61398243997246, 7.2780984150012955, 7.2317786200437695, 7.9554852260043845, 7.377506015996914, 7.416702555026859, 7.606654935982078, 7.081644252000842, 7.137113883974962, 7.218248969991691, 7.112432625959627, 7.42105005698977, 7.130979799956549, 7.2030311560374685, 7.173181143996771, 7.74213647301076, 7.093392149021383, 7.1828970549977385, 7.19127045100322, 7.143829373002518, 7.44906070100842, 7.837992569024209, 7.381710451969411, 7.151566578017082, 8.042887421965133, 7.028422575967852, 8.68477915902622, 9.009003463957924, 7.389831095992122, 7.382819094986189, 7.441251643002033, 7.131591345008928, 7.040011614037212, 7.376032754022162, 7.060068761988077, 7.151765773014631, 7.646247614000458, 7.040348923008423, 7.070298506994732, 7.478222612990066, 7.376372382976115, 7.383484955993481, 7.458081184013281, 7.186279065033887, 7.532653184956871, 8.051244723959826, 7.138981413969304, 7.118769896042068, 7.265950477973092, 7.4792246369761415, 7.4928883200045675, 8.460632335976698, 7.41702155402163, 7.487394441966899, 8.07272221299354, 7.098010315967258, 7.279227207007352, 7.272561240999494, 7.3112675760057755, 7.439744105038699, 7.9454471280332655, 7.114404964959249, 7.188350965036079, 7.220113752002362],