{"confirmation": {"default": {"min": [9.123335662996396, 9.153638399904594, 9.119381550932303, 9.151997960172594, 9.187336914939806, 9.236686110962182, 9.198531611124054, 9.155054590897635, 9.062366693047807, 9.133276677923277, 9.120172540890053], "mean": [9.664801975246519, 9.388181511953007, 9.415969823021442, 9.651067905069795, 9.446262304962147, 9.652875410218257, 9.389915929234121, 9.391808401269373, 9.3355733557255, 9.351178325014189, 9.34768751746742], "max": [10.485167062142864, 9.669432424008846, 9.694396120030433, 10.607981114182621, 9.758481866912916, 10.456856230972335, 9.555211839964613, 9.646701582008973, 9.66627146396786, 9.634066950064152, 9.57590237306431]}, "winner": {"min": [8.982713097939268, 9.05293539701961, 9.007279329001904, 8.99139538500458, 9.001594636123627, 9.02807098487392, 8.989106424152851, 9.022585699800402, 9.045162132941186, 9.067868622019887, 9.000910758972168], "mean": [9.296552704938222, 9.303608340444043, 9.275841507245786, 9.259776384977158, 9.488818919053301, 9.32369350513909, 9.215530955756549, 9.28634998673806, 9.294235142238904, 9.268952798331156, 9.194926356489304], "max": [9.645075681852177, 9.55636347294785, 9.550856004934758, 9.66998315998353, 9.936447888147086, 9.886609648820013, 9.457805315032601, 9.542089959140867, 9.573584530968219, 9.544799748109654, 9.426152749918401]}}, "data": {"lower": [9.043433820130304, 9.056236147182062, 9.067592242034152, 9.031477648066357, 9.042395821074024, 9.05286734807305, 9.02303988696076, 9.034418236929923, 9.055336073972285, 8.999149851035327, 9.017547840019688, 9.031004799064249, 9.02823621709831, 9.040656476048753, 9.043757082195953, 9.001919534057379, 9.025783326011151, 9.046663681045175, 9.036626428132877, 9.051247644936666, 9.057104425039142, 9.001646808115765, 9.017970496788621, 9.028175042010844, 8.942759055877104, 8.999685457907617, 9.003143215086311, 8.99621888413094, 8.997366296127439, 9.00656527490355, 8.952522535109892, 8.983635890064761, 8.998640640173107, 8.894506537122652, 8.995695458026603, 8.998596082208678, 9.041036692913622, 9.050127127906308, 9.050595507025719, 8.974260031012818, 8.992373364046216, 8.995300701120868, 8.956401573959738, 9.019621167099103, 9.031626356998459, 8.881384176202118, 8.966718325857073, 8.99687398201786, 8.91956245410256, 8.974903036141768, 8.979514935053885, 8.962555606849492, 8.999144772067666, 9.001181922154501, 8.967295162845403, 9.00349844712764, 9.010104004992172, 8.977121134987101, 9.003637915011495, 9.004260960035026, 8.992841909173876, 8.99522669101134, 9.004228155128658, 8.945770553080365, 9.000007524853572, 9.021243060939014, 8.98875140096061, 9.01284745009616, 9.014436688972637, 8.980227125110105, 9.002058987040073, 9.016421975800768, 8.969589564949274, 9.020484508015215, 9.044007638003677, 8.973192180972546, 9.009791968157515, 9.01374360988848, 8.938422532984987, 8.955150160007179, 8.962784757139161, 8.938363767927513, 8.962045833934098, 8.99815472913906, 8.973707291996107, 8.980209893081337, 8.992843402083963, 8.995922074187547, 9.028594131115824, 9.032140356022865, 8.948170032119378, 8.967397833941504, 9.038973498158157, 8.991217904025689, 9.008362432941794, 9.011677258880809, 8.983615002827719, 9.021275465143844, 9.031052947044373, 8.9712875909172, 9.0195080449339, 9.033732895972207, 8.967162152053788, 8.972478052135557, 9.000748428981751, 8.977616796968505, 9.005671402206644, 9.00780132599175, 8.898466202896088, 8.97389281122014, 8.98312602005899, 8.929449728922918, 8.978167610010132, 9.009935511043295, 8.999253844842315, 9.014210890978575, 9.01920418208465, 9.03535731206648, 9.054457008838654, 9.057653449010104, 8.97255691792816, 8.974377856124192, 8.986867535859346, 8.973291303962469, 9.01901381695643, 9.02933717588894, 8.972489236854017, 8.996831773081794, 9.005791261093691, 8.975359759991989, 8.99442450189963, 9.005393892060965, 8.988493140088394, 9.002264277078211, 9.02279829303734, 8.95332078402862, 9.001064882148057, 9.019607977941632, 8.961939597968012, 9.017420903081074, 9.037270399043337, 8.98495589196682, 9.0159573671408, 9.021081130951643, 8.98830201011151, 8.990325213875622, 9.011446006828919, 8.960665188962594, 9.004031222080812, 9.027356795035303, 8.986478328937665, 9.030377177987248, 9.03965395083651, 9.037921914132312, 9.040261854883283, 9.052457205019891, 9.004086315166205, 9.007293798960745, 9.035880598938093, 8.963759226957336, 9.014738330151886, 9.017061731778085, 8.992245845962316, 8.997525871964172, 9.005114451050758, 9.0218548651319, 9.032025806838647, 9.04318258492276, 9.003957871114835, 9.044251193059608, 9.052786245942116, 9.013708272948861, 9.022306697908789, 9.033782883081585, 8.970088350120932, 8.971044688019902, 8.97378843696788, 8.953539534006268, 8.97743481816724, 8.994014472002164, 8.987510124919936, 8.990937403868884, 8.994449065998197, 8.947933821938932, 8.982681574998423, 9.012356721097603, 8.915929173817858, 8.976472624810413, 8.999088064068928, 8.982722618151456, 9.000142967095599, 9.012887569144368, 8.957865039119497, 8.968370327958837, 8.994587468914688, 8.93821461708285, 9.013256966136396, 9.017734754132107, 8.966137344017625, 8.999116901075467, 9.011735257925466, 8.946951881051064, 8.992085521807894, 9.009063191944733, 8.988060913980007, 8.995134338969365, 9.000912217888981, 8.949482385069132, 8.968848475953564, 8.990043819881976, 8.992017393931746, 9.016484862891957, 9.032437903108075, 8.97914890688844, 9.031274054897949, 9.033179278951138, 8.977009620983154, 9.033566301921383, 9.038641356863081, 8.958895658142865, 8.969204787863418, 8.989281573100016, 8.983201564056799, 8.987445724196732, 9.011365023208782, 8.998552392004058, 9.026396051980555, 9.033375833882019, 9.024427138036117, 9.026439359877259, 9.029487950960174, 8.969216166995466, 9.006715598981827, 9.007418679771945, 8.921250889077783, 8.966496163979173, 9.014121860032901, 8.936039011925459, 8.969409081852064, 8.976075218990445, 8.92372717987746, 8.927543923957273, 8.980369948083535, 8.990908229956403, 8.992667126003653, 8.995373208075762, 9.002906448906288, 9.008021183079109, 9.008700981037691, 8.994266306050122, 9.00244398205541, 9.005348226055503, 9.00144779891707, 9.0047577470541, 9.009150743950158, 8.958436921006069, 8.981923918938264, 9.000238479115069, 8.922687442041934, 9.000064935069531, 9.010769065003842, 9.010993611998856, 9.018306670011953, 9.026287925895303],