{"gen": 39, "confirmation": {"winner": {"mean": [7.627436411756207, 10.838639387744479, 10.757015166745987, 7.480299960254342, 13.827991932499572, 11.349695082768449, 7.3472423255007016, 8.940012194492738, 11.278446365511627, 7.537611393985571, 10.875963205748121], "max": [7.855366113013588, 14.292746586026624, 14.200350694009103, 7.9326302239787765, 18.632959706010297, 15.63039452501107, 7.577244259009603, 9.536719269002788, 13.751977198000532, 7.689772690995596, 13.774870176042896], "min": [7.4271271449979395, 7.428820835018996, 7.395106257987209, 7.136701560986694, 9.034704894991592, 7.4739290330326185, 7.1164336539804935, 8.356916135991924, 8.50293799903011, 7.249165588000324, 7.738843853992876]}, "default": {"mean": [12.14601608425437, 10.127420371994958, 7.5540852287376765, 7.473687733508996, 11.360106813241146, 11.294514172986965, 11.384487220755545, 7.476986719251727, 10.00952519623388, 11.073940615242464, 10.683726492745336], "max": [17.078407043998595, 12.593578375002835, 7.781381278007757, 7.653697911009658, 15.107239792007022, 14.567643485963345, 15.637598496978171, 7.680579185020179, 12.047912757960148, 14.168879582954105, 13.883088674978353], "min": [7.739527192956302, 7.523325613990892, 7.347862284979783, 7.299018585996237, 7.688143029983621, 7.957349588978104, 7.489384840999264, 7.215252680005506, 8.380452755955048, 7.514984940004069, 7.484327198006213]}}, "data": {"upper": [7.662914986023679, 7.597128691035323, 7.830565922951791, 7.574666647997219, 7.858852613018826, 7.930034261022229, 8.45130852703005, 9.398948482994456, 9.625902236963157, 7.788023006985895, 8.792725474981125, 9.256863054004498, 9.055543435970321, 11.19192902900977, 10.425279174000025, 7.719132375030313, 7.835375416034367, 7.72243773995433, 7.779540463001467, 7.634767232986633, 8.180041113984771, 7.640636752010323, 7.6014489000081085, 7.786215057014488, 7.668975729029626, 7.692315494990908, 7.604510085016955, 7.76616387401009, 7.773449556960259, 7.649396818014793, 7.574030160030816, 7.788546516036149, 8.269111617002636, 7.599984430009499, 7.682607451977674, 7.5139337229775265, 7.61247953196289, 8.189729200967122, 10.40246140898671, 7.734747415990569, 7.753632673993707, 9.382772191951517, 7.825667187047657, 7.687916080991272, 7.963461979001295, 7.728088347997982, 8.984263468999416, 8.490573693998158, 7.681291043001693, 7.625237728992943, 7.625736001995392, 9.145803116029128, 9.959294012980536, 10.06070859002648, 7.915748845029157, 8.456712505954783, 8.341264148999471, 7.6153661659918725, 7.702589838008862, 8.07318241999019, 7.724957931030076, 7.595082104031462, 8.274867038009688, 7.8790910199750215, 8.23627504799515, 9.573925965989474, 7.625266287999693, 8.258259969996288, 9.223550611990504, 7.596886875980999, 7.642264010035433, 7.833414633991197, 7.710747382021509, 7.835011276009027, 8.582662773958873, 7.816050670982804, 7.486536463024095, 7.736833247996401, 7.608221209957264, 8.421149646979757, 8.480816821975168, 8.273959668003954, 9.270209232985508, 9.955265639000572, 7.774727748997975, 7.7506701439851895, 7.741769762011245, 7.935595927992836, 7.624798198987264, 7.655658141011372, 7.866640541993547, 7.753335325047374, 9.349077938997652, 7.705197935050819, 7.749442951055244, 7.832644192967564, 7.74658030300634, 7.821259013959207, 7.71802948100958, 8.025537425011862, 8.017685292987153, 12.408676241990179, 8.253954512998462, 10.235588181996718, 15.179369585006498, 7.685784442990553, 9.936758071999066, 9.732011708023492, 8.691089486004785, 9.088918019027915, 9.155096933012828, 7.770494349009823, 7.765650835004635, 8.37555070698727], "mean": [7.282120007512276, 7.344484752014978, 7.381196795467986, 7.248784234485356, 7.428355007228674, 7.537649258505553, 7.984671470258036, 8.584753121758695, 8.851288995239884, 7.621558898492367, 8.317307943245396, 8.453155979019357, 8.581517452228582, 9.23205664975103, 10.158935792991542, 7.3663382632803405, 7.5614423465158325, 7.6281031254911795, 7.3976946144975955, 7.542545618256554, 7.723242223481066, 7.311988040513825, 7.325561772755464, 7.4379444400110515, 7.26549808101845, 7.507137097520172, 7.530579720012611, 7.3114287270000204, 7.41876664373558, 7.493894950253889, 7.360288711017347, 7.449262582013034, 7.608491066741408, 7.318670097985887, 7.350053191490588, 7.410938324479503, 7.325444173984579, 7.812714865242015, 8.89024001348298, 7.31003823649371, 7.636923815749469, 8.364186614227947, 7.42201433077571, 7.4281152240000665, 7.575097002016264, 7.512155420001363, 7.860949339752551, 8.250721943753888, 7.321668115240755, 7.37027573074738, 7.405407880272833, 8.906007265264634, 9.297917461241013, 9.465599004004616, 7.743761306759552, 7.7529554729990195, 7.972733776507084, 7.396976386997267, 7.409570656745927, 7.595369652990485, 7.310869257256854, 7.468621437015827, 7.534104521735571, 7.441269826245843, 7.650486661499599, 8.117237516242312, 7.4703158672346035, 7.95978299723356, 8.286408352243598, 7.309579657012364, 7.33290042601584, 7.634482061999734, 7.284708601262537, 7.335846984249656, 7.732661050235038, 7.395534770505037, 7.4203050270007225, 7.482685475246399, 7.2409537004859885, 7.563469817730947, 7.901204011257505, 7.951569583499804, 8.408309241232928, 9.365988881734665, 7.317967045513797, 7.657649464250426, 7.662378109744168, 7.411819417742663, 7.511194458493264, 7.533974659003434, 7.511243698259932, 7.613111894010217, 7.977193999511655, 7.419847070763353, 7.593810637015849, 7.64559551923594, 7.495296100503765, 7.625966329738731, 7.646112197777256, 7.767228397497092, 7.832098208993557, 8.935056496251491, 7.980339780988288, 8.724915958751808, 9.940808697021566, 7.553022395732114, 8.414914922497701, 8.945988013030728, 8.200940414491924, 8.491647349495906, 8.854663373000221, 7.442760432517389, 7.463657790256548, 7.658204605497303], "lower": [7.109585614991374, 7.114345723995939, 7.14760456897784, 7.086465882952325, 7.192150172952097, 7.239817661000416, 7.573747303977143, 8.105986540031154, 8.300722808984574, 7.405627792002633, 7.945398551004473, 7.880625054007396, 8.077912087959703, 8.095472196000628, 9.476174230978359, 7.238876729039475, 7.289081803988665, 7.569179327983875, 7.205558831978124, 7.384238629019819, 7.333548864990007, 7.189142247021664, 7.214123856043443, 7.211561342002824, 7.084100348001812, 7.358494345040526, 7.466089549008757, 7.121201047033537, 7.147825430962257, 7.213541151955724, 7.107961132016499, 7.1660303240059875, 7.158315541979391, 7.130666434997693, 7.178414808004163, 7.215420410968363, 7.0423674960038625, 7.670486921968404, 7.333439877955243, 7.138217746978626, 7.565596455999184, 7.563675845973194, 7.27274392201798, 7.236290745029692, 7.271352427022066, 7.128714449994732, 7.289849551976658, 7.955735417024698, 7.137798924988601, 7.226091883028857, 7.178740152041428, 8.453114286996424, 8.432208898011595, 8.544604883994907, 7.5405661149998195, 7.352204632014036, 7.424881794024259, 7.189341923978645, 7.168382864969317, 7.300279497983865, 7.149054481007624, 7.276062927034218, 7.2270150979748, 7.200675413012505, 7.30100766196847, 7.4645366159966215, 7.260323304974008, 7.799516777973622, 7.516871678992175, 7.202883187041152, 7.205492768029217, 7.428547897026874, 7.1020911110099405, 7.116965678986162, 7.180406859028153, 7.155494562000968, 7.383963652013335, 7.216744008997921, 7.094128104974516, 7.099870352016296, 7.408354518003762, 7.656823449011426, 7.645614337990992, 8.848090065002907, 7.128037277027033, 7.4315971289761364, 7.57706452003913, 7.124682696012314, 7.265182290982921, 7.456912544963416, 7.189697416033596, 7.501142474007793, 7.211274780042004, 7.176801074005198, 7.419535355991684, 7.468963783991057, 7.305642927996814, 7.436632123019081, 7.571429954026826, 7.468376169970725, 7.6603437140001915, 7.32988103304524, 7.717769684037194, 7.279137759003788, 7.923474113049451, 7.293716156971641, 7.425784635008313, 8.149694232037291, 7.5830834659864195, 8.02611195796635, 8.323194098018575, 7.227400142990518, 7.149559085024521, 7.18204667099053],