{"conv": [0.323, 0.382, 0.427, 0.475, 0.517, 0.531, 0.562, 0.605, 0.6, 0.595, 0.607, 0.644, 0.681, 0.712, 0.744, 0.759, 0.775, 0.784, 0.79, 0.809, 0.833, 0.837, 0.845, 0.85, 0.849, 0.851, 0.853, 0.851, 0.864, 0.877, 0.895, 0.894, 0.899, 0.906, 0.915, 0.926, 0.929, 0.93, 0.922, 0.915, 0.906, 0.905, 0.905, 0.921, 0.924, 0.929, 0.928, 0.937, 0.922, 0.921, 0.917, 0.934, 0.94, 0.946, 0.952], "gen": 56, "data": {"upper": [7.67809120100037, 8.180572058000052, 7.974449434999997, 7.656641279000269, 7.744925564999903, 7.518739230999927, 7.854583850999916, 7.612690702999771, 7.772263716999987, 7.710363572000006, 7.621137965999878, 8.336100454000189, 7.599375962000067, 7.593233736999991, 7.817644243999894, 7.563500245999876, 7.610620903999916, 7.678200138000193, 7.630527581000024, 7.607642538000164, 8.599029523999889, 7.435170656000082, 7.7509837299994615, 7.828785196999888, 7.541890071000125, 7.576499986999806, 7.64475041500009, 7.647391362000235, 7.510253243999614, 7.854136122000455, 7.630847208999512, 7.625691731000188, 7.6312352710001505, 7.505912851000176, 7.546833190000143, 7.669178139999531, 7.764298729999609, 7.6308286450002925, 7.668890305999412, 7.670895831999587, 7.9927636760003224, 7.532727572000113, 7.689718255999651, 7.621420317000229, 7.809757195000202, 7.603340118999768, 7.708180908000031, 7.598533247999512, 7.751602280000043, 7.667979110000488, 7.7776994040004865, 7.574864634999358, 7.559684288999961, 8.114090129000033, 7.594300140999621, 7.598700644999553, 7.486687167000127, 7.789218300000357, 8.094059023000227, 14.109394181000425, 7.597935838999547, 7.689934097999867, 7.768483748999643, 7.6127771100000245, 7.507297954000023, 7.71594684899992, 7.523896730999695, 7.660741609000979, 7.503533197999786, 7.502897264001149, 7.5840847569998004, 7.522168416000568, 7.596440764000363, 7.5352002489998995, 7.602872010000283, 7.541940877999878, 7.693613466999523, 7.635816594000062, 7.683919195998897, 7.707501326000056, 7.574574972999471, 7.542917216000205, 7.483541567999055, 7.687677227000677, 7.624476061000678, 7.515353263001089, 7.714264978998472, 7.517555321001055, 7.565876133001439, 7.462765471000239, 7.5971926679994795, 7.6506662930005405, 7.453773685998385, 7.585136500001681, 7.669232342999749, 7.6709158060002665, 7.603953510999418, 7.732945378000295, 7.584388346998821, 7.597707236000133, 7.640856590000112, 7.6588521220000985, 7.745552009000676, 7.502625626000736, 7.540019379999649, 7.6176029950001976, 7.683621782998671, 7.491384105000179, 7.512456270000257, 7.591122066000025, 7.635743189001005, 7.606363623999641, 7.6030030679994525, 7.772277874999418, 7.5679094579991215, 7.494240512000033, 7.624001395999585, 7.619086128999697, 7.440131756000483, 7.55451161199926, 7.4318548970004485, 7.631439197999498, 7.620970926000155, 7.52795877599965, 7.575138426000194, 7.558120787998632, 7.557961523998529, 7.559849969000425, 10.442921137999292, 7.749633433999406, 7.515542446000836, 7.6174517149993335, 7.58216543799972, 7.670463419000953, 7.641706005999367, 7.508276927999759, 7.668517217000044, 7.520498563999354, 7.535526884999854, 7.549747928000215, 7.482586400999935, 7.5322992889996385, 7.7187219919997005, 7.441036547999829, 7.5299019849990145, 7.832997546000115, 7.634500268999545, 7.600068484998701, 7.797635427999921, 7.680417618001229, 7.565316299000187, 7.544343724999635, 7.542575397999826, 7.741397238998616, 7.425731195999106, 7.494060582999737, 7.557235795000452, 7.545822561000023, 7.519226974000048, 7.522056139001506, 7.546649790001538, 7.562666488000104, 7.549664214002405, 7.566427188998205, 7.399776393001957], "fitness": [0.8071381369125635, 0.7944174963826434, 0.7911998224934105, 0.8068195909760293, 0.8037574523196797, 0.79849617983386, 0.8040686335950222, 0.7985843239724085, 0.7966893721978294, 0.8102444012923712, 0.8054332863967104, 0.786277160640661, 0.8129045377589432, 0.8125178340983099, 0.7852411855456393, 0.8029729629642278, 0.8013719029187847, 0.8001469428130072, 0.813456151778911, 0.7880117028921356, 0.7411743205048765, 0.8147163623204927, 0.8062334866926105, 0.7994979624045133, 0.7912449106875767, 0.7903773342655068, 0.789968171323242, 0.8020222813414115, 0.7997630896531495, 0.798662552799461, 0.8078986093484043, 0.7972770374882983, 0.7924130110018106, 0.8049724904179665, 0.7935005720786638, 0.7923105451428265, 0.8035891624312372, 0.8033315809885357, 0.8001541253696798, 0.8063906172628491, 0.7945456295334667, 0.791645171238727, 0.8033237350101942, 0.7993027155706204, 0.7906743066289996, 0.8105576434187773, 0.7954783660667116, 0.7933523194182598, 0.8042275259846161, 0.7953955392047765, 0.7870256653185079, 0.7957875401010351, 0.7859662395589795, 0.7744829439593479, 0.812785146028418, 0.8118369277684959, 0.7970409886083761, 0.7860901725879895, 0.7819089567154792, 0.5499857324765229, 0.8146683066390636, 0.8115016223000833, 0.8066938475099245, 0.8063045934767165, 0.804227314824291, 0.7878470382565663, 0.8128558146912169, 0.806875022351476, 0.7926012958479588, 0.7966334596916544, 0.7930091419088119, 0.7910129991292273, 0.8149848761493546, 0.8142195263358805, 0.8141009013600101, 0.8116736947103518, 0.7911439970500895, 0.7869470458952639, 0.8032478568955294, 0.7946366610751779, 0.7865610382755036, 0.8114473328431228, 0.8059846172990945, 0.8056365841501533, 0.8128242603693017, 0.7987788473796548, 0.7984176920467181, 0.8152010403206754, 0.8079360358788056, 0.800306287316686, 0.8153715308866321, 0.8148724840311651, 0.8115396521654393, 0.816662422384346, 0.8127252908468499, 0.8089153697008433, 0.8092724243689208, 0.8056800868687659, 0.8026891757011639, 0.8126402654586468, 0.8064483654780618, 0.8048860316962616, 0.8027722381548522, 0.7968738132848596, 0.7936659933659467, 0.8194495185943191, 0.802461686325, 0.8006332156317573, 0.8167919160832258, 0.8140799018815806, 0.8124434543787421, 0.8117588140002356, 0.8028886894565229, 0.798030587320462, 0.8155757502287594, 0.8105927289583273, 0.805725951930871, 0.8178882202211071, 0.8099074107037987, 0.8038041032845362, 0.816718954884582, 0.8158148251989786, 0.8108913804723873, 0.8188831254932322, 0.8187448756762391, 0.8118341650477932, 0.8098947656176676, 0.7873303113814366, 0.6774746055049241, 0.807420249829827, 0.805482113299741, 0.8007296534502186, 0.8113871820439776, 0.8070036931766684, 0.7965756634893832, 0.8090722916497193, 0.8061868662477915, 0.7962003574793411, 0.8167012710896703, 0.816534302250707, 0.8129825965279458, 0.8095297141674315, 0.8005100349103194, 0.798256906396157, 0.7889367976214577, 0.7871175723242827, 0.7817252543721442, 0.8001221918721679, 0.796935754309794, 0.7969046357533928, 0.8178575971019895, 0.8149967638934392, 0.8113856956103928, 0.8150043625518028, 0.811331809591997, 0.8102791328947199, 0.8181096397228336, 0.8148332413879467, 0.8064297337110151, 0.8163303351037932, 0.8146169005184087, 0.8121736391840065, 0.8164074614042944, 0.8128413317781615, 0.80683383520931],