{"confirmation": {"winner": {"max": [7.467616973997792, 14.085233215009794, 7.443334480994963, 14.08289561800484, 7.502096172000165, 7.387571430997923, 7.655871303999447, 7.448062544004642, 14.040154329995858, 7.8309278530068696, 7.688028602002305], "min": [7.03684489200532, 7.342177357990295, 7.316524035995826, 7.338306965000811, 7.003973775004852, 7.121927169006085, 6.987221172996215, 6.985602707994985, 7.325565143997665, 7.0542398980032885, 7.436483653000323], "mean": [7.1646096307486005, 10.651607152496581, 7.360599439994985, 10.703403680501651, 7.147154955498991, 7.281856388752203, 7.174817719249404, 7.1869187647535, 10.629947868997988, 7.47201256025437, 7.569309358503233]}, "default": {"max": [13.354975338996155, 14.258594699000241, 14.353797760995803, 14.215951630001655, 15.70040554300067, 7.696934061998036, 15.815737266006181, 7.717022333003115, 14.188586561998818, 15.600980199000333, 15.897179986000992], "min": [7.462637025993899, 7.471520279010292, 7.478953120007645, 7.4752877979917685, 7.556669994999538, 7.152667955000652, 7.557079434991465, 7.348098226008005, 7.481331527000293, 7.467219412006671, 7.763197993990616], "mean": [10.380412671995146, 10.845778825256275, 10.891521137000382, 10.817640448498423, 11.431753078999463, 7.311773576748237, 11.542925021749397, 7.503409670251131, 10.831503699744644, 11.391733999003918, 11.681771374998789]}}, "gen": 60, "data": {"fitness": [0.6926262799825403, 0.6899712593037943, 0.6889052433880872, 0.6864652010761194, 0.674638417553872, 0.6688781637347359, 0.7035773053409288, 0.6938578794330263, 0.6872712925471355, 0.7235093294077936, 0.6969531767474731, 0.693537763461379, 0.7037599867501277, 0.7013720672354757, 0.6955188272153359, 0.7215396468416233, 0.7182464165806922, 0.7159517982829011, 0.709320614845811, 0.6989929670634147, 0.6960863749931322, 0.7149518659140278, 0.702316103943324, 0.6974644212052313, 0.7047610877215458, 0.7043262960271869, 0.7014037470912909, 0.7130019448405813, 0.6989812662952167, 0.6915577876435007, 0.7125616661190497, 0.7063318224839511, 0.6965359933407901, 0.6958137806698869, 0.6896265360160397, 0.687787308759827, 0.7020482943513886, 0.7009095678798188, 0.6983403619664703, 0.7243135898978842, 0.7208965527431512, 0.7186600489855338, 0.7202083967886095, 0.7110050351673061, 0.7026249346246715, 0.720106736289384, 0.7143608915529615, 0.6937588265090497, 0.7223862167970954, 0.7113872622573335, 0.7001814960843012, 0.7184366700240181, 0.7176393783815153, 0.716481610372151, 0.7214420868610634, 0.7189482919757261, 0.711580781602465, 0.7245651074180638, 0.7228384139513463, 0.7174283257602616, 0.7267394482010152, 0.7175304308492421, 0.7134650795448848, 0.7292594416123758, 0.7218795639237956, 0.7209396958435058, 0.7285868771148539, 0.7184542661373636, 0.7166295479127642, 0.7269942403361113, 0.7194055712924105, 0.7040581897544178, 0.7190868726571361, 0.7176082230191767, 0.7131455687083992, 0.7287603755415494, 0.7254147418626852, 0.7187443926153139, 0.7279455031301184, 0.7151184206026882, 0.705939751250011, 0.7233579272660136, 0.7216038366367961, 0.7205968953727588, 0.7177756375412702, 0.7032222058058023, 0.7028495048393355, 0.7078321157726973, 0.7047677198140826, 0.7039950023490079, 0.707557158362821, 0.6996886093214136, 0.6889436703747461, 0.726278193616976, 0.7015958178163246, 0.7010792245561381, 0.7258302238896704, 0.7257216896166832, 0.724381902242235, 0.7146369087985778, 0.49054864162631656, 0.47325845323105686, 0.7254499496429209, 0.7242433089247077, 0.7197372271576973, 0.7207769733895999, 0.7195227921310252, 0.7179888267405329, 0.7210530381191763, 0.7190251490177506, 0.7086949623479635, 0.7069985286202892, 0.6955351638542826, 0.6809138488426164, 0.7099141768739408, 0.7089581740193589, 0.7086472951591388, 0.7081354198019387, 0.6944586483666064, 0.6927464765731328, 0.7248547045289923, 0.724254050598498, 0.7116423165167243, 0.7202777231053389, 0.708014292225183, 0.7079718018801738, 0.7251036432108401, 0.721713710720804, 0.7111618891507052, 0.7200326858643554, 0.717632669712626, 0.716081541335355, 0.7240439662612395, 0.7099848200639215, 0.709559269106265, 0.7246724909003364, 0.7177068861235453, 0.7087887098824921, 0.7269948831154001, 0.7245501778875671, 0.7081203059402821, 0.7163526399412639, 0.7100135377441744, 0.7079404243182826, 0.7279839049719882, 0.72793920948906, 0.7249102811441999, 0.7229881198049213, 0.7173570054558018, 0.7099252730833119, 0.7231549327308701, 0.7220685056566453, 0.7183564868028686, 0.7161199284419494, 0.7158106424136734, 0.7044142711144941, 0.7140023289917825, 0.7092830105382346, 0.7023748679116083, 0.7169503420336897, 0.7163459868715426, 0.7119358298298861, 0.7201099085722606, 0.7183379144775399, 0.7170914968550091, 0.7230379215163496, 0.715751853119299, 0.711569848300449, 0.7270429910246837, 0.7261804201679916, 0.7252515995341715, 0.7252330484552666, 0.7229956369148771, 0.7198319733171037, 0.7277710048883199, 0.7271189804398747, 0.7224989287362293],