{"conv": [0.313, 0.404, 0.459, 0.476, 0.473, 0.47, 0.492, 0.527, 0.545, 0.58, 0.62, 0.627, 0.636, 0.654, 0.685, 0.685, 0.679, 0.697, 0.707, 0.721, 0.749, 0.761, 0.766, 0.788, 0.794, 0.805, 0.824, 0.831, 0.831, 0.834, 0.839, 0.837, 0.85, 0.855, 0.859, 0.865, 0.873, 0.875, 0.911, 0.932, 0.952, 0.96, 0.964, 0.965, 0.962, 0.965, 0.974, 0.978, 0.979, 0.983, 0.987, 0.995, 0.998, 0.999], "data": {"upper": [9.245976174999669, 9.256874876002257, 9.286450790001254, 9.459217201998399, 9.299777803003963, 9.33212769599777, 9.214806850002788, 9.196484125001007, 9.201738805997593, 9.26795771199977, 9.213139037994551, 9.254939145001117, 9.265662494006392, 9.21536388900131, 9.283195269003045, 9.272836430005555, 9.230838272000256, 9.22950704699906, 9.204415004998737, 9.259082079996006, 9.34424958100135, 9.152166430001671, 9.27551740600029, 9.42367383299279, 8.999937166001473, 9.16488518800179, 9.244381882999733, 9.11916967700381, 9.182406037994951, 9.248331934999442, 9.23107070900005, 9.26429643099982, 9.200933124993753, 9.062726383999689, 9.262299030997383, 9.129306685004849, 9.195747217003372, 9.132669893995626, 9.274287300999276, 9.02293914600159, 9.256572736994713, 9.235191829000541, 9.10764623599971, 9.203380888997344, 9.234559981996426, 9.096009724002215, 9.299865603003127, 9.188993830997788, 9.148524819996965, 9.147826330001408, 9.224079350002285, 9.22995171299408, 9.093918977996509, 9.368421289000253, 9.205024850001791, 9.194305981996877, 9.295194207996246, 9.173335997998947, 9.037687064999773, 9.140411986998515, 9.216298306993849, 9.15366822299984, 9.166579983997508, 9.105125963003957, 9.199201155002811, 9.342935417000263, 9.049703671000316, 9.267004440000164, 9.12752192899643, 9.034320124002988, 8.979226789000677, 9.134141076996457, 9.18112657200254, 9.206923441000981, 9.110808067009202, 9.587565804002224, 9.192927165000583, 9.237031012002262, 8.998583430002327, 9.171224593999796, 9.047859601996606, 9.073076366999885, 9.104988992010476, 9.077563876009663, 9.12844519400096, 9.152525024008355, 9.161978485994041, 9.45152009499725, 9.168235050005023, 9.182476189002045, 9.062851716997102, 9.06958410498919, 9.219672325998545, 9.221127537995926, 9.28934283599665, 9.258907954994356, 9.072364302002825, 9.16298168299545, 9.193326110995258, 8.985054994001985, 9.06064456400054, 9.04236644798948, 9.096169088996248, 9.04217766399961, 9.072024310997222, 8.98262449199683, 9.07441223198839, 9.243657535000239, 9.077146313997218, 9.054239972989308, 9.1279855449975, 9.088275099013117, 9.038339485996403, 9.361110557001666, 8.98614428199653, 9.064742357993964, 9.13062479099608, 9.09468782300246, 9.037197416997515, 9.100775754006463, 9.000105668994365, 9.124969038995914, 9.273136304007494, 9.084354441001778, 9.034934371011332, 9.1647346259997, 9.292744472011691, 9.043780446008896, 9.120009673002642, 9.06011249999574, 9.240258995007025, 9.23625669098692, 9.0371858550061, 9.075863338992349, 9.054661752001266, 8.949628549002227, 9.11528943599842, 9.214054928001133, 9.031530319000012, 9.028303158003837, 9.047070524000446, 8.976182054990204, 9.055522303999169, 9.177063987997826, 9.173823798002559, 9.409082809012034, 9.160709306001081, 9.096780359992408, 9.077584880011273, 9.145963997987565, 9.01054923000629, 9.030237364990171, 9.324974510003813, 9.07952292599657, 9.002682627004106, 9.070757476001745, 9.096634754998377, 9.153476550010964, 9.313386123001692, 9.086375165003119, 9.092009106010664, 9.27141499199206], "fitness": ["1.86", "1.67", "1.32", "1.92", "1.27", "1.06", "2.18", "2.08", "1.91", "2.22", "2.18", "1.64", "1.84", "1.79", "1.67", "2.95", "2.01", "1.73", "1.90", "1.87", "1.69", "3.25", "2.01", "1.70", "4.13", "2.30", "2.05", "3.90", "2.19", "2.11", "2.78", "2.09", "2.01", "3.35", "2.82", "2.71", "3.66", "2.86", "2.66", "4.48", "2.24", "1.97", "3.44", "2.62", "2.48", "3.34", "2.89", "2.73", "3.29", "2.71", "2.24", "3.29", "3.18", "2.32", "3.33", "2.58", "2.53", "4.31", "3.64", "3.59", "2.70", "2.67", "2.43", "4.08", "2.70", "2.40", "3.54", "2.84", "2.62", "4.86", "4.43", "3.75", "4.29", "3.51", "3.39", "2.51", "2.10", "2.08", "5.16", "4.05", "3.96", "3.74", "3.68", "3.29", "4.23", "2.82", "2.79", "3.25", "2.91", "2.78", "3.80", "3.66", "2.63", "2.19", "2.12", "2.09", "3.75", "2.56", "2.05", "5.02", "4.07", "3.96", "3.99", "3.92", "3.50", "4.63", "4.01", "3.51", "3.75", "3.62", "3.17", "3.88", "3.70", "2.88", "4.25", "3.72", "2.77", "3.84", "3.74", "3.06", "4.52", "2.65", "2.61", "4.71", "3.77", "2.61", "4.00", "3.93", "3.66", "3.44", "2.82", "2.80", "4.29", "3.81", "3.67", "4.55", "3.46", "2.53", "4.99", "4.19", "3.73", "4.42", "3.49", "2.65", "2.87", "2.75", "2.47", "4.47", "3.92", "3.56", "4.38", "3.97", "3.22", "4.32", "4.10", "3.99", "3.68", "2.83", "2.79", "4.10", "3.80", "3.14"], "lower": [9.19670278999547, 9.214207413999247, 9.246887111003161, 9.190597210996202, 9.251724753004964, 9.270984646005672, 9.166651963001641, 9.175529723004729, 9.191866799003037, 9.1629893979989, 9.166113571001915, 9.216668654000387, 9.198375311993004, 9.202446280003642, 9.214172578998841, 9.09448804299609, 9.182700151002791, 9.208871438997448, 9.192849295999622, 9.195211686004768, 9.212159443995915, 9.066305487001955, 9.18190807600331, 9.211521688994253, 8.983733371998824, 9.15525575799984, 9.178065413005243, 9.004841347996262, 9.165475462999893, 9.172987117999583, 9.110025272006169, 9.174332399001287, 9.182198089001758, 9.056780896993587, 9.106158491995302, 9.116769074993499, 9.027277574001346, 9.102946917999361, 9.121451724000508, 8.950754338002298, 9.16073184099514, 9.185580432997085, 9.047884375999274, 9.125132856999699, 9.138475763997121, 9.057770672996412, 9.100171842997952, 9.114754727001127, 9.062005243002204, 9.116772949993901, 9.160274278998259, 9.062051330998656, 9.072592151002027, 9.153661671996815, 9.05841727599909, 9.128587375998904, 9.133810033999907, 8.96652486200037, 9.02974801199889, 9.034282640001038, 9.117521432002832, 9.120030439000402, 9.142555127000378, 8.987932008996722, 9.117561380000552, 9.145714894002595, 9.038922135005123, 9.104093585003284, 9.125071631002356, 8.915488040001947, 8.955615511993528, 9.019613466996816, 8.968587119001313, 9.041902063996531, 9.053254946004017, 9.135303304996341, 9.17396280200046, 9.175583757998538, 8.887227024999447, 8.991413344003377, 8.999852832988836, 9.020292670000345, 9.025416980002774, 9.062004146006075, 8.974249346007127, 9.106812878002529, 9.108958033990348, 9.066225471004145, 9.098010273999535, 9.110549290999188, 9.014602083989303, 9.027415602002293, 9.12448946700897, 9.164941623996128, 9.171533825996448, 9.174429271995905, 9.019535957006156, 9.130840425001225, 9.178470478000236, 8.90010300099675, 8.989343000008375, 8.999869444000069, 8.996886451001046, 9.00352557899896, 9.042679589998443, 8.936565260999487, 8.99473508799565, 9.04125687800115, 9.018906830009655, 9.031573480009683, 9.07389068500197, 9.007358271002886, 9.023540775990114, 9.100916529991082, 8.972689611007809, 9.021914477998507, 9.110797079993063, 9.010559759000898, 9.020600953997928, 9.083920920995297, 8.946938249995583, 9.122006111007067, 9.125667850006721, 8.929575360991294, 9.017316065990599, 9.125925486005144, 8.995437959005358, 9.002172573993448, 9.027631642005872, 9.048177012999076, 9.106205613992643, 9.10813473300368, 8.96887306899589, 9.013192419995903, 9.026502907989197, 8.944396260005306, 9.046679384002346, 9.133534863009118, 8.90318775299238, 8.977535033991444, 9.020878026989521, 8.956316276002326, 9.04365118399437, 9.122185435000574, 9.102095992988325, 9.113193140001385, 9.13906320699607, 8.952116977001424, 9.003750356991077, 9.037161754997214, 8.960274140001275, 8.998180841008434, 9.0689093379915, 8.965903561998857, 8.986337832000572, 8.996923253987916, 9.02592200700019, 9.105533444992034, 9.10957549799059, 8.986161420005374, 9.01485434899223, 9.076672694005538],