{"conv": [0.332, 0.405, 0.453, 0.489, 0.545, 0.592, 0.604, 0.619, 0.637, 0.627, 0.626, 0.643, 0.652, 0.664, 0.693, 0.72, 0.74, 0.754, 0.765, 0.768, 0.772, 0.794, 0.796, 0.803, 0.807, 0.806, 0.806, 0.814, 0.829, 0.846, 0.856, 0.868, 0.868, 0.879, 0.889, 0.891, 0.888, 0.893, 0.91, 0.927, 0.93, 0.933, 0.952, 0.966, 0.975, 0.981, 0.978, 0.975, 0.972, 0.971, 0.979, 0.986, 0.985, 0.982, 0.984, 0.985, 0.983, 0.984, 0.985, 0.983, 0.984, 0.991, 0.996, 0.999], "confirmation": {"winner": {"max": [9.092952283001068, 9.06766297500144, 9.267478185000073, 9.299357562998921, 9.38671538500057, 9.270251162000932, 9.026717225002358, 9.28138022100029, 9.371942630001286, 9.178870386000199, 9.28683127900149], "min": [8.957420238999475, 9.028268267000385, 9.183983552000427, 9.25117849399976, 9.184951038998406, 9.21920275299999, 8.976925618000678, 9.18346785200265, 9.231105323997326, 9.0887458899997, 9.244650305001414], "mean": [9.025186261000272, 9.047965621000913, 9.22573086850025, 9.27526802849934, 9.285833211999488, 9.244726957500461, 9.001821421501518, 9.23242403650147, 9.301523976999306, 9.13380813799995, 9.265740792001452]}, "default": {"max": [9.38101907500095, 9.393868103998102, 9.378662560997327, 9.324729481002578, 9.405784744998527, 9.316343829999823, 9.666595877999498, 9.354037691002304, 9.3967515919976, 9.328664612003195, 9.34239272799823], "min": [9.368092246000742, 9.283277952999924, 9.327887838997412, 9.291634040000645, 9.351729220998095, 9.273236721997819, 9.397123083999759, 9.282398802999523, 9.395038358998136, 9.317053175996989, 9.319035581000207], "mean": [9.374555660500846, 9.338573028499013, 9.35327519999737, 9.308181760501611, 9.378756982998311, 9.294790275998821, 9.531859480999628, 9.318218247000914, 9.395894975497868, 9.322858894000092, 9.33071415449922]}}, "gen": 65, "data": {"upper": [9.256244518997846, 9.30376307700135, 9.353465087002405, 9.32837584400113, 9.245863609998196, 9.347801433999848, 9.156034687999636, 9.21739330499986, 9.308237539000402, 9.126883760000055, 9.288032471999031, 9.237424344999454, 9.237714970000525, 9.233823354999913, 9.23574397899938, 9.261245360998146, 9.238260246002028, 9.295848189001845, 9.197335353001108, 9.249566184000287, 9.238105581000127, 9.317988083003002, 9.212376933999622, 9.30174799100132, 9.278094695000618, 9.231122822999168, 9.261824253000668, 9.07594727200194, 9.345453795998765, 9.258364730998437, 9.233119737997185, 9.316435070999432, 9.306191625000793, 9.029880538997531, 9.265832163000596, 9.267516727999464, 9.20850665100079, 9.292967247998604, 9.207155613003124, 9.239121217000502, 9.278857766999863, 9.30373150000014, 9.087001627998688, 9.332614443999773, 9.230183941999712, 8.943042146001972, 9.175182480998046, 9.219742539000435, 9.015472734001378, 9.143305396999494, 9.164327169997705, 9.026316370000131, 9.002936307999335, 9.09416991100079, 9.035985659997095, 9.292140317000303, 9.18200113399871, 9.086621564998495, 9.217964700001176, 9.262479013999837, 8.996972664001078, 9.156389870000567, 9.076815960001113, 9.157936190000328, 9.15833193599974, 9.176082332996884, 9.05122515900075, 9.189011433001724, 9.21233268299693, 9.044221175998246, 9.163891421998414, 9.213898179998068, 9.08926747300211, 9.27706790999946, 9.153516924001451, 9.028594513001735, 9.061595397000929, 9.408879198999784, 9.124525735998759, 9.091872394998063, 9.124654167000699, 9.03409586899943, 9.047879898000247, 9.161989907999669, 9.010793597000884, 9.169951537998713, 9.218827879001765, 9.018333874999371, 9.053949770001054, 9.013357137002458, 9.144598585000494, 9.0817231789988, 9.217495712000527, 8.990527549001854, 9.214389262997429, 9.136091314001533, 8.974766931998602, 9.019309873001475, 9.25653573100135, 9.025128405999567, 9.077334269000858, 9.117916802002583, 9.044290640998952, 9.091345173001173, 9.074304847999883, 9.060655240002234, 9.014695820998895, 9.251631972001633, 9.015006953999546, 9.037066336997668, 9.305185026001709, 9.049643770002149, 9.04428154299967, 9.088898210997286, 9.04198524000094, 8.99576288300159, 9.217956971999229, 8.969762646000163, 9.097267367000313, 9.133113086001686, 9.108561399996688, 9.285290985997563, 9.276164003000304, 8.980329740999878, 9.078582478003227, 9.053534631999355, 9.024003134996747, 9.117670217001432, 9.17728797699965, 9.00032196599932, 9.276737838998088, 9.22933259599813, 9.104561309002747, 9.022529025001859, 9.031111856998905, 9.145576696002536, 9.010508239000046, 9.109732632998202, 9.07432805999997, 9.15766809300112, 9.196315395998681, 9.092166106998775, 9.065250888001174, 9.196243214999413, 9.120003385000018, 9.012584711003, 9.081008786000893, 8.979606995999347, 9.120078973999625, 9.219976938002219, 9.07780086099956, 9.103959271000349, 9.040625506000652, 9.160213196999393, 9.065577012002905, 9.181599276998895, 9.248150997998891, 9.23005888699845, 9.695261204000417, 9.049428112000896, 9.052464255000814, 9.14281426800153, 9.184105200998602, 9.091060292001202, 9.170659703002457, 9.067136095000023, 9.102198116001091, 9.194560230000207, 9.124157182999625, 9.152171860001545, 9.205395158998726, 9.165692382997804, 9.101715058000991, 9.235713660000329, 9.055985985000007, 9.310625008001807, 9.09148119100064, 9.007048928000586, 9.113795491000928, 9.074086961998546, 9.098288835000858, 9.034148654998717, 9.108016578000388, 9.077603219000594, 9.0858549149998, 9.10451930900308, 9.083417014000588, 9.04831977700087, 9.142879259998153, 9.092138826999872, 9.006840799997008, 9.190501807002875],