{"confirmation": {"default": {"max": [9.608200977032539, 15.292689403984696, 15.830381656996906, 15.335326016007457, 7.738526520028245, 15.33886415802408, 14.618217128969263, 7.829882652964443, 7.865469525975641, 15.948740274005104, 7.759425554017071], "min": [7.421792296052445, 7.647906804981176, 7.565765667008236, 7.563225580030121, 7.2365796500234865, 7.633082999964245, 7.578785232035443, 7.25549068901455, 7.549036643002182, 7.576004610978998, 7.175806010956876], "mean": [8.471153690275969, 11.346995283005526, 11.526815090997843, 11.404873926745495, 7.367573568015359, 11.386719881251338, 11.066934955510078, 7.425525719489087, 7.675844108234742, 11.549037349759601, 7.4331151334772585]}, "winner": {"max": [7.558612972963601, 7.501912489999086, 7.484590523003135, 15.652725539985113, 14.328443763020914, 7.731359245954081, 7.502945512009319, 15.303651424008422, 8.471935111039784, 7.532061523990706, 7.603771467984188], "min": [7.097358426020946, 7.235458688985091, 7.385760214005131, 7.4456975509529, 7.415966439992189, 7.069385960989166, 7.070371447014622, 7.41987992497161, 7.051456764980685, 7.1458310799789615, 6.988296444003936], "mean": [7.295894966999185, 7.4187910564942285, 7.420258671758347, 11.35283206148597, 10.824481936258962, 7.25697375323216, 7.291240213002311, 11.189065003491123, 7.554900516013731, 7.40369412174914, 7.18283176823752]}}, "conv": [0.337, 0.404, 0.433, 0.462, 0.497, 0.53, 0.558, 0.588, 0.587, 0.598, 0.592, 0.593, 0.606, 0.621, 0.65, 0.669, 0.669, 0.671, 0.667, 0.695, 0.715, 0.737, 0.742, 0.754, 0.775, 0.786, 0.783, 0.79, 0.805, 0.808, 0.809, 0.832, 0.838, 0.854, 0.853, 0.847, 0.851, 0.851, 0.855, 0.863, 0.87, 0.889, 0.911, 0.906, 0.921, 0.921, 0.921, 0.931, 0.934, 0.934, 0.931, 0.937, 0.93, 0.928, 0.945, 0.957], "gen": 57, "data": {"lower": [7.047948952997103, 7.122918325010687, 7.1618278049863875, 7.118540720955934, 7.163899183040485, 7.361163444991689, 7.0735488789505325, 7.0822567929863, 7.107301223964896, 7.0483546840259805, 7.052007102989592, 7.126456137048081, 7.053265044, 7.010383588029072, 7.080548609024845, 7.135768620006274, 7.096160296991002, 7.266452184994705, 7.229488862038124, 7.068766703014262, 7.411148971004877, 7.105243691010401, 7.135705632972531, 7.172829332004767, 7.186616204038728, 7.2043231970164925, 7.317839507013559, 7.326954004005529, 7.2453794840257615, 7.443081865028944, 7.1640255019883625, 7.140316505974624, 7.190925787028391, 7.165755068999715, 7.387719917984214, 7.27792225003941, 7.0301544240210205, 7.082015662977938, 7.1582149299792945, 7.064746149990242, 7.043131051992532, 7.29033501597587, 7.013245101028588, 7.06835041398881, 7.063981690036599, 7.060185962996911, 7.037290436972398, 7.029084162029903, 7.090158389008138, 7.07475594303105, 7.094780083978549, 7.071819595003035, 7.118535648973193, 7.10748392395908, 7.02983661001781, 7.124973081983626, 7.08472287497716, 7.018739209976047, 7.032899169018492, 7.056393133010715, 6.962493906961754, 7.2437071750173345, 7.053953672002535, 7.030207394971512, 7.048882406030316, 7.056511436996516, 7.003410655015614, 7.091594023047946, 7.3221108260331675, 7.0306492280215025, 7.041193987010047, 7.3343142050434835, 7.052446188987233, 7.0446822489611804, 7.047047226980794, 7.151088406040799, 7.162759625993203, 7.352048161032144, 7.051929100009147, 7.1697121179895476, 7.124429318995681, 7.049002382031176, 7.150841529015452, 7.153308384993579, 7.009709195990581, 7.008175842987839, 7.055741071002558, 6.986450052994769, 7.003274380986113, 7.090767849003896, 6.965253636997659, 7.002775225031655, 7.0105544970138, 7.007907183025964, 6.993262066971511, 7.0564751899801195, 6.9997301420080476, 7.046940893982537, 7.075731406977866, 7.00328702502884, 7.151223793975078, 7.141973772027995, 6.999605824996252, 7.011757133004721, 7.267877760983538, 7.115519643004518, 7.339499232999515, 7.345790201972704, 6.999926926975604, 7.026371197018307, 7.11283459601691, 7.06487261201255, 7.099110655952245, 7.164891523018014, 7.04925063601695, 7.189360930991825, 7.114894280035514, 7.074172175955027, 7.2932646189583465, 7.327256837976165, 7.0143410509917885, 7.038068012974691, 7.003233292023651, 7.047875472984742, 7.0675198410172015, 7.258543280011509, 7.055518148990814, 7.085843714012299, 7.207760110963136, 7.042665796005167, 7.071193927957211, 7.091577401035465, 7.055935586977284, 7.1053329649730586, 7.061995244002901, 7.05941194400657, 7.090342384995893, 7.0892897109733894, 7.019743576995097, 7.047298454970587, 7.031570907041896, 7.183336379006505, 7.281571711995639, 7.086026386998128, 7.09872822399484, 7.107526474981569, 7.137763417966198, 7.064219631953165, 7.154749203007668, 7.075615348003339, 7.010167470027227, 7.066816114995163, 7.071165055967867, 7.020197704958264, 7.259458105952945, 7.302131829957943, 6.983481047966052, 6.997420376981609, 7.020425349997822, 6.982764474989381, 7.0165398009703495, 7.358912119001616, 7.218557471991517, 7.130693650979083, 7.305075254989788, 7.123610403039493, 7.08920670900261, 7.077409320976585],