{"gen": 90, "conv": [0.322, 0.391, 0.425, 0.435, 0.45, 0.494, 0.524, 0.552, 0.58, 0.601, 0.596, 0.617, 0.626, 0.641, 0.653, 0.666, 0.679, 0.699, 0.7, 0.715, 0.726, 0.758, 0.776, 0.785, 0.79, 0.791, 0.811, 0.82, 0.839, 0.852, 0.857, 0.859, 0.856, 0.863, 0.865, 0.881, 0.878, 0.907, 0.92, 0.926, 0.917, 0.911, 0.908, 0.918, 0.922, 0.923, 0.934, 0.952, 0.954, 0.948, 0.944, 0.921, 0.905, 0.914, 0.936, 0.93, 0.922, 0.932, 0.94, 0.947, 0.961, 0.958, 0.962, 0.967, 0.965, 0.962, 0.961, 0.96, 0.957, 0.958, 0.968, 0.97, 0.97, 0.967, 0.966, 0.968, 0.964, 0.956, 0.959, 0.963, 0.97, 0.977, 0.988, 0.989, 0.993, 0.994, 0.995, 0.998, 0.999], "confirmation": {"winner": {"max": [9.971832937000727, 9.906760448997375, 10.080858592998993, 10.388451386999805, 10.188684201999422, 10.153118103000452, 10.000087707998318, 9.908318376998068, 10.305726185997628, 10.081765525002993, 10.022539691999555], "min": [9.399943583001004, 9.447003286000836, 9.499106012000993, 9.387321504000283, 9.456701389000955, 9.51253637300033, 9.516515784001967, 9.430903111999214, 9.475143695002771, 9.377972746999149, 9.40192199199737], "mean": [9.69888256050126, 9.692874586749895, 9.733680596749764, 9.786069995250728, 9.782837695250237, 9.773030882000967, 9.727931422749862, 9.670788574249855, 9.79245924775023, 9.721930223249728, 9.674262210499364]}, "default": {"max": [18.029355196000097, 10.224245448000147, 10.267600302999199, 10.115199235999171, 10.14723874899937, 10.302114092999545, 10.308160304000921, 10.129546656000457, 10.053685164999479, 10.361858828997356, 10.142963508998946], "min": [11.464775691999876, 9.611961880997114, 9.596686110999144, 9.630481831001816, 9.641273252000246, 9.64910083200084, 9.642164297998534, 9.651394822001748, 9.50621627900182, 9.62816982500226, 9.6161062329993], "mean": [13.950668370249957, 9.888985353498356, 9.886431346249083, 9.85402709400023, 9.894025095501092, 9.949050653500308, 9.960097276500164, 9.87877803424999, 9.84599811725002, 9.963999851250264, 9.86657386799925]}}, "data": {"lower": [9.649896928999851, 9.718380806999903, 9.994958833000055, 9.629207175000147, 9.648030749999862, 9.70253859100012, 9.53708992199995, 9.59211774299979, 9.627658723999957, 9.534424143000251, 9.585638225999901, 9.59773042400002, 9.541937438999867, 9.571695616999932, 9.598614257999998, 9.460902805999922, 9.522964001999753, 9.544133401999716, 9.43064256100024, 9.474279585000204, 9.488301427999886, 9.465790497000398, 9.50126731599994, 9.508056766000209, 9.479858104999948, 9.485289358000045, 9.490376862000176, 9.509701212999971, 9.51371374700011, 9.52487035499962, 9.486769907999587, 9.510944080000627, 9.537340828999731, 9.461081125999954, 9.5171873649997, 9.536962195000342, 9.473858774999826, 9.503627059000792, 9.514447364000262, 9.396489281999493, 9.486513298999853, 9.516216890000578, 9.41563477299951, 9.463797144000637, 9.472953892000078, 9.45161486500001, 9.470376282999496, 9.47746893799922, 9.422364691999974, 9.446981002999564, 9.451590546999796, 9.46188418499969, 9.483584747999885, 9.500485835999825, 9.433711112999845, 9.507755868999993, 9.519377376000193, 9.443294040000183, 9.45784132999961, 9.46234065399949, 9.435443710000072, 9.437442224999359, 9.441207679999934, 9.401183927000602, 9.432989742000245, 9.442171844999393, 9.399319088999619, 9.44681460100037, 9.45335751300081, 9.414787462999811, 9.432540192001397, 9.451512034000189, 9.44078180500037, 9.444920206000461, 9.469638263999514, 9.472555680000369, 9.49049258499872, 9.500569776999328, 9.40260549300001, 9.42561921900051, 9.470291270999951, 9.418945516999884, 9.452062676000423, 9.462514089000251, 9.419521147998239, 9.4232515650001, 9.438727969998581, 9.406304300999182, 9.406699586001196, 9.424755993999497, 9.436335479000263, 9.44000373199924, 9.448732634999033, 9.452057210999556, 9.461663743000827, 9.474207700000989, 9.35297606000131, 9.442874922000556, 9.463346524998997, 9.402680504999807, 9.416942044999814, 9.435952107000048, 9.394912830999601, 9.411791013999391, 9.41877199999908, 9.434061088000817, 9.446858122999402, 9.479319826001301, 9.434112861999893, 9.434987360000378, 9.469776574000207, 9.436589909999384, 9.438694955000756, 9.474958038001205, 9.472983653999108, 9.484351511999193, 9.51306889099942, 9.421143280998876, 9.445499442001164, 9.476657457000329, 9.452967870998691, 9.455388553000375, 9.461739246000434, 9.370641034998698, 9.379446640999959, 9.406746339000165, 9.436234863998834, 9.453345106001507, 9.465423382000154, 9.387605476000317, 9.415320521000467, 9.436174999000286, 9.418787616999907, 9.434798906000651, 9.443456506000075, 9.399320856999111, 9.425174767999124, 9.442800451000949, 9.417429046001416, 9.42724616400119, 9.428638336999938, 9.395865541000603, 9.398214465001729, 9.400400893999176, 9.37791710700003, 9.43502973700015, 9.445361393001804, 9.426751906998106, 9.448575248999987, 9.463818837000872, 9.396612658001686, 9.445344792999094, 9.44662119900022, 9.417028463998577, 9.43920721700124, 9.462577787002374, 9.374085100997036, 9.407993501998135, 9.419127406999905, 9.402448945998913, 9.406902812002954, 9.441670026000793, 9.430721524997352, 9.447748736001813, 9.471977571000025, 9.43067236799834, 9.435638048998953, 9.472269421999954, 9.377013918001467, 9.448632566000015, 9.456335455000954, 9.396403542999906, 9.417438156000571, 9.446462163999968, 9.425211639001645, 9.447852577999583, 9.48283015099878, 9.462247306997597, 9.463414689002093, 9.47056073099884, 9.46684366900081, 9.490865551000752, 9.50203634600257, 9.456995463999192, 9.46672059499906, 9.478603075000137, 9.409247386000061, 9.496817199000361, 9.504114380000829, 9.422761627, 9.454729923996638, 9.475304267998581, 9.38600565699744, 9.435694181000144, 9.464915298998676, 9.415434811002342, 9.455005888001324, 9.474241601998074, 9.408938374999707, 9.458151920000091, 9.460899150999467, 9.428354961000878, 9.436003644997982, 9.444066383002792, 9.410861075997673, 9.42269543799921, 9.465592843000195, 9.384894319999148, 9.40795996000088, 9.41503473299963, 9.422024324998347, 9.426722222000535, 9.447993538000446, 9.403863881001598, 9.417701008998847, 9.420734177001577, 9.38646598899868, 9.410237849999248, 9.430610719999095, 9.403377894999721, 9.406470706999244, 9.425069140997948, 9.409248493000632, 9.442303315001482, 9.442955735998112, 9.347223689997918, 9.421306161002576, 9.437798306997138, 9.426634334999108, 9.460186502998113, 9.46789540700047, 9.412106825002411, 9.416264236002462, 9.435847415003082, 9.382636761998583, 9.390523671001574, 9.421200811000745, 9.38462638999772, 9.401293074999558, 9.430201371000294, 9.364150255998538, 9.407992386997648, 9.412298062998161, 9.323515527001291, 9.425727718997223, 9.430187792997458, 9.432674380997923, 9.436492075998103, 9.441874814001494, 9.363999482997315, 9.379493247997743, 9.403303808998317, 9.408469050998974, 9.411022603002493, 9.415992586000357, 9.437317721, 9.445655316998455, 9.45602935900024, 9.399580482000601, 9.40723912500107, 9.41572219400041, 9.465925349999452, 9.486234543001046, 9.491047399002127, 9.337726628997189, 9.415784038999846, 9.445237329997326],