{"critical_gen": 40, "confirmation": {"winner": {"mean": [9.14930155325419, 9.25838753075368, 9.283512016751047, 9.19129964474996, 9.305746630998328, 9.239239466747676, 9.261229456256842, 9.275613310004701, 9.332414185751986, 9.23619634249917, 9.227896222757408], "max": [9.431551564019173, 9.485561073001008, 9.607621969014872, 9.456668689992512, 9.633285402000183, 9.59700422998867, 9.606391982000787, 9.577071043022443, 9.75539655200555, 9.477109817991732, 9.441587712004548], "min": [8.922435576998396, 9.014308109995909, 9.06123353599105, 8.995653416001005, 9.00113017699914, 9.033809029991971, 9.00258411001414, 9.0096591229958, 9.012800663011149, 9.03731347899884, 9.025862204027362]}, "default": {"mean": [9.412107830750756, 9.369291499759129, 9.433273666742025, 9.443820168504317, 9.437652865010023, 9.391042531504354, 9.362115291252849, 9.396446466256748, 9.412072433253343, 9.411344382991956, 9.396477704249264], "max": [9.65175943801296, 9.651678246009396, 9.773895201971754, 9.70877767301863, 9.815732577000745, 9.636707733006915, 9.588005160010653, 9.670861505990615, 9.594125023984816, 9.600307897984749, 9.661909335001837], "min": [9.152990353002679, 9.136169958015671, 9.181018584000412, 9.19947344600223, 9.151217769016512, 9.193043285020394, 9.139139312988846, 9.119259408005746, 9.232912431994919, 9.199791819992242, 9.146604659996228]}}, "conv": [0.325, 0.397, 0.473, 0.488, 0.51, 0.528, 0.574, 0.6, 0.583, 0.596, 0.638, 0.659, 0.683, 0.691, 0.691, 0.684, 0.706, 0.754, 0.776, 0.777, 0.789, 0.808, 0.802, 0.806, 0.816, 0.821, 0.826, 0.821, 0.831, 0.842, 0.855, 0.879, 0.885, 0.892, 0.888, 0.887, 0.889, 0.902, 0.911, 0.914, 0.918, 0.914, 0.917, 0.92, 0.922, 0.913, 0.932, 0.931, 0.938, 0.934, 0.938, 0.934, 0.944, 0.954, 0.964, 0.965, 0.959, 0.963, 0.965, 0.961, 0.964, 0.971, 0.974, 0.969, 0.966, 0.957, 0.956, 0.95, 0.953, 0.963, 0.968, 0.978, 0.985, 0.991, 0.991, 0.987, 0.989, 0.987, 0.989, 0.996, 0.998], "data": {"upper": [9.589385697996477, 9.44882553597563, 9.528722160001053, 9.528682617994491, 9.479421912983526, 9.466814374987734, 9.646173646993702, 10.11474941499182, 10.150018860993441, 9.435895351984072, 9.4151653550216, 9.551024278014665, 9.497982378990855, 9.683670336991781, 9.455812411993975, 9.489141313009895, 9.583010898000794, 9.539797792996978, 9.475457991997246, 9.417112597002415, 9.696663516020635, 9.478994033997878, 9.419822752999607, 9.458462146023521, 9.344605625985423, 9.611670382000739, 9.617284674022812, 9.395823419996304, 9.438494493981125, 10.043713682011003, 9.5126214120246, 9.664430005010217, 9.425072337995516, 9.39569793298142, 9.569963315007044, 9.640624908002792, 9.51019284100039, 9.61162826200598, 9.598745997995138, 9.64373524300754, 9.515338718018029, 9.598945822013775, 9.614416339987656, 9.367829473980237, 9.632396279019304, 9.427290469990112, 9.656025497999508, 9.577033269015374, 9.51697230298305, 9.690193623013329, 9.75121293598204, 9.719740520988125, 9.52900815999601, 9.513642374018673, 9.396683047001716, 9.453157759999158, 9.550577991991304, 9.540824347990565, 9.455104508990189, 9.381901173997903, 9.437506729009328, 9.433283458987717, 9.426936902018497, 9.684123493992956, 9.443569761002436, 9.451410720997956, 9.779326289979508, 9.66540085800807, 9.470568631979404, 9.34169933400699, 9.540053247998003, 9.410720595013117, 9.532837039005244, 9.601282607007306, 9.431134699989343, 9.621037636999972, 9.39563302998431, 9.66191633301787, 9.728333787992597, 9.643664549017558, 10.221734872000525, 9.451980807993095, 9.566158726986032, 9.502103906008415, 9.644437457987806, 9.421613345999504, 9.513703742006328, 9.446854214009363, 9.533365467010299, 9.625189490994671, 9.813581851980416, 9.604606385983061, 9.439522174972808, 9.474820175004425, 9.507208382012323, 9.465803465020144, 9.726615585008403, 9.449506614997517, 9.568853937002132, 9.81183889901149, 9.527203562989598, 9.321160225983476, 9.59915767799248, 9.567089977004798, 9.566243490990018, 9.56992821698077, 9.486718798987567, 9.47803344699787, 9.699326993984869, 9.584030851983698, 9.50451372898533, 9.556532775022788, 9.41212708299281, 9.643715157028055, 9.591407986998092, 9.403233685996383, 9.637594530999195, 9.439840956998523, 9.474577485001646, 9.946123681991594, 9.60032962297555, 10.113263283012202, 9.615630912972847, 9.41451689202222, 9.457943407993298, 11.246593677002238, 9.65192144899629, 9.681439206004143, 9.535564090008847, 9.642631880997214, 9.47003107398632, 9.557296256010886, 9.52494197699707, 9.659188842022559, 9.495106296992162, 9.756298141001025, 9.380544163024751, 9.387915826024255, 9.435996597982012, 9.585968972009141, 9.422026504995301, 10.072005951980827, 9.482204498985084, 9.331650173000526, 9.490702914976282, 9.496632888010936, 9.576392636023229, 9.349637672014069, 9.563528095983202, 9.423322921007639, 9.52122881799005, 9.589581107982667, 9.559071702009533, 9.440769838984124, 9.549318145000143, 9.447877539001638, 9.641262122022454, 9.537104971997906, 9.37583212199388, 9.413156569004059, 9.62138630199479, 9.497813003021292, 9.67765114500071, 9.653741039015586, 9.706707392993849, 9.462549417017726, 9.464789813006064, 9.572469856997486, 9.510074310994241, 9.501691632001894, 9.505050567997387, 9.399915132991737, 9.554839072021423, 9.483793933992274, 9.57644460798474, 9.395135836006375, 9.450985425006365, 9.418653346016072, 9.671004470990738, 9.703936896985397, 9.432898052007658, 9.753979706991231, 9.505219153012149, 9.413166732003447, 9.463828041014494, 9.391414962999988, 9.548234970017802, 9.408513450005557, 9.554051913000876, 9.591391521011246, 9.539838855009293, 9.388884389016312, 9.364349271025276, 9.550239563017385, 10.017600290011615, 9.458512023004005, 9.709082393004792, 9.37697745798505, 9.459585075004725, 9.385991607996402, 9.56384634898859, 9.368380494997837, 9.554135894984938, 9.662006343016401, 9.650358635000885, 9.494818433013279, 9.439562604995444, 9.620823829987785, 9.58992242399836, 9.447396718984237, 9.431373528990662, 9.552703841007315, 9.484158963983646, 9.698436131002381, 9.531078688974958, 9.548483076010598, 9.622997005004436, 9.58146192098502, 9.59874021698488, 9.528671477019088, 9.745320174988592, 9.547677866998129, 9.530268705013441, 9.686265424010344, 9.652256593981292, 9.764214893017197, 9.518794843985233, 9.432583715999499, 9.61923611300881, 9.604036821983755, 9.475327057007235, 9.759349089988973, 9.426528782991227, 9.48382878000848, 9.433926727011567, 9.579988997022156, 9.595029173011426, 9.521367884008214, 9.519487874989863, 9.571152705000713, 9.39239747900865, 9.756791427003918, 9.55358234900632],