{"conv": [0.318, 0.404, 0.485, 0.545, 0.578, 0.607, 0.615, 0.627, 0.648, 0.674, 0.693, 0.716, 0.716, 0.725, 0.744, 0.75, 0.759, 0.781, 0.79, 0.798, 0.812, 0.814, 0.802, 0.8, 0.808, 0.829, 0.844, 0.855, 0.867, 0.869, 0.872, 0.885, 0.907, 0.92, 0.926, 0.929, 0.925, 0.94, 0.946, 0.947, 0.952, 0.962, 0.969, 0.973, 0.966, 0.963, 0.961, 0.967, 0.969, 0.967, 0.967, 0.966, 0.968, 0.966, 0.958, 0.961, 0.969, 0.979, 0.98, 0.977, 0.982, 0.99, 0.993, 0.997, 0.999], "data": {"lower": [9.608812353999838, 9.63901643500003, 9.668423813000118, 9.121750451000025, 9.329168486000071, 9.393762774999686, 9.148210648000259, 9.178692531999786, 9.261862561000271, 9.054098585999782, 9.097200750999946, 9.123707641000237, 9.013370114000281, 9.076488731000154, 9.085471858999881, 8.983854192999388, 9.008505515999786, 9.03935288799994, 9.023882552000032, 9.073141453000062, 9.126475566000408, 9.345453944999463, 9.426553496000452, 9.438501417000225, 9.46164064200002, 9.516409668999586, 9.545685635999689, 9.336736588000349, 9.43447780600036, 9.437272395999571, 9.490990683000746, 9.511245083000176, 9.52160670000012, 9.084529181999642, 9.122371068000575, 9.170435112000632, 9.1377344550001, 9.173231411000415, 9.208739793999484, 9.006534723000186, 9.10979692500041, 9.166143029000523, 9.086405407000711, 9.112969355999667, 9.176741642000707, 9.144724136999685, 9.189832482999918, 9.218156122000437, 9.15012574100001, 9.200625450999723, 9.413201620000109, 9.231396795000364, 9.245283317999565, 9.298307070999726, 9.232148758999756, 9.34262131899959, 9.43758129699927, 9.11395727299896, 9.254425498000273, 9.35309690000031, 9.178549689000647, 9.268564539999716, 9.49163710799985, 9.342205279001064, 9.426472639001076, 9.495889350999278, 9.294726584999808, 9.332759119999537, 9.465514587000143, 9.213635238998904, 9.281114841998715, 9.284505840998463, 9.130732423000154, 9.134232837999662, 9.142752273000951, 8.999076330001117, 9.051388339999903, 9.120795557999372, 9.145270521999919, 9.20190393500161, 9.250017614000171, 8.988567685999442, 9.21545673000037, 9.261113594999188, 9.324366808999912, 9.366698388001168, 9.397098131001258, 9.194668805999754, 9.284765991000313, 9.293895577000512, 9.32711888799895, 9.423479251001481, 9.448709837000933, 9.25711602299998, 9.275116624001384, 9.287493331001315, 9.282114546998855, 9.347052122000605, 9.357351552000182, 9.10058206299982, 9.113065880999784, 9.314552978999927, 8.94750516500062, 8.994493506001163, 8.998424816998522, 8.939955361000102, 8.94927878299859, 8.954570399000659, 8.955055070000526, 8.958211835000839, 8.977506473000176, 8.87577626500024, 8.965477819001535, 8.983820895000463, 8.938929058998838, 8.943946466000853, 8.956396008999945, 8.964788986000713, 8.966670375999456, 9.018089804998453, 8.94995318600013, 8.987769072000447, 8.990051811999365, 8.924902593000297, 8.94176287600203, 8.95300525499988, 8.962689195999701, 8.978829628998938, 8.993022184997244, 8.897287403000519, 8.985131724999519, 8.98761899999954, 8.968758582999726, 8.984398204000172, 8.984968852000748, 8.967822028000228, 8.975028540000494, 9.0010463969993, 8.89159217300039, 8.951938392998272, 8.963879447997897, 8.917223927997838, 8.989891099998204, 8.99884115399982, 8.956188344000111, 8.967098634999275, 8.98088756099969, 8.932105967000098, 8.955839006001042, 8.980484550000256, 8.932825790998322, 8.964915381999162, 8.99361076400237, 8.972409602996777, 8.988500756000576, 8.988729103999503, 8.928729352999653, 8.97957600799782, 8.987986470998294, 8.925016727000184, 8.951188827002625, 8.983345544002077, 8.961709461000282, 8.974531100000604, 8.978149302998645, 8.902037825999287, 8.913466791000246, 8.949459170999035, 8.960668207000708, 8.9642979679993, 9.006046891998267, 8.94717908599705, 8.99367320100282, 8.999476962999324, 8.946218660999875, 8.94786444300189, 8.971895276001305, 8.9031014889988, 8.933153750997008, 8.976081408000027, 8.948929467002017, 8.982958839002094, 8.984735097998055, 8.943678072002513, 8.964153926001018, 8.971416896998562, 8.979009140002745, 8.997376946001168, 9.043526356999791, 8.972248956997646, 8.97996449600032, 8.983342699000787, 8.98962262400164, 9.020599376999598, 9.020896576999803], "mean": [10.286322047499993, 10.010383051750068, 10.581765739500042, 9.534676488250057, 10.004169488749994, 9.820461073499814, 9.527700431250082, 9.45660813274992, 9.498734103250058, 9.284557322749833, 9.327460699000085, 9.452244740750075, 9.350280451500112, 9.385709730749909, 9.31368807900003, 9.333268398250084, 9.312686955749882, 9.47734759025002, 9.304078791000165, 9.295117475500092, 9.367064619750181, 9.496528149250025, 9.651111179250165, 10.001400081750035, 9.628510391500186, 9.753430528750187, 9.68647209924984, 9.569756746500161, 9.672860553250302, 9.881655419749904, 9.81406311800015, 9.77970067875026, 9.877976038750376, 9.343234970250023, 9.489527256250085, 9.668507692000048, 9.4969778532502, 9.602157811000097, 9.485920906499814, 9.616639467500136, 9.543833925250283, 9.424759371250047, 9.382464817750133, 9.325904488499873, 9.654785391750238, 9.579840133999596, 9.660848865250045, 9.4495719869999, 9.404085702249859, 9.684414309999966, 9.662001222750405, 9.554610079000213, 9.790342935499666, 9.569208306999826, 9.751195326750349, 9.832719011499648, 9.684766494000087, 9.642068203249437, 9.430752144000053, 9.65809798474993, 9.517671916749805, 9.633465034750316, 9.69650964775019, 9.677258398750382, 9.850597326500065, 9.881682660499791, 9.485380784999961, 9.63838299049985, 9.646246735499972, 9.654842121749425, 9.66581842999949, 9.528490832749867, 9.451128405749841, 9.340821695750492, 9.573848052250014, 9.263169080250464, 9.34342077275005, 9.331566698249844, 9.458277570250175, 9.590913158000603, 9.373224314750132, 9.551586194499578, 9.653408709999894, 9.770363937749607, 9.472340408250147, 9.501812157000131, 9.75350179725001, 9.869898894000016, 9.54745370674982, 9.554705958750219, 9.567153751749174, 9.633760418250404, 9.775969040999826, 9.52864795000005, 9.554027998250149, 9.76676859175086, 9.831917642000008, 9.640760769249937, 9.655459504999726, 9.535500846499872, 9.46018786950026, 9.671849601999838, 9.217249697749594, 9.241981410750668, 9.21584482524986, 9.291629269750047, 9.175003024749913, 9.206940165749984, 9.1949282772498, 9.21538410500034, 9.2724556295002, 9.319897877750464, 9.19986443650032, 9.207542589500463, 9.1741986992497, 9.226209650250894, 9.170600718499827, 9.234020056500412, 9.284477070500088, 9.245526000249356, 9.221356855000067, 9.986884726250537, 9.253119668000636, 9.215145709750686, 9.194141295001828, 9.166170518750732, 9.169254876250307, 9.210454234249482, 9.238122601498617, 9.167803262750567, 9.306446984749527, 9.176006277499255, 9.364321832750647, 9.363856223999392, 9.283285227248598, 9.401332511500186, 9.195850858751328, 9.268307771750187, 9.176927507000073, 9.195774365498437, 9.209567943249567, 9.262473890000365, 9.231400967499212, 9.29024512849901, 9.253698411999721, 9.217880825000066, 9.252996999501192, 9.212088528249296, 9.220818849749776, 9.227300515250136, 9.220179029249266, 9.215091811999628, 9.257199589000265, 9.198115282749313, 9.286378526249791, 9.220267198499641, 9.208262609250596, 9.224298469499445, 9.23629574699953, 9.189072983999722, 9.180306609750915, 9.196608316000493, 9.196709546749844, 9.253921556749447, 9.193692759999976, 9.303019879999738, 9.194714998750896, 9.167055971499394, 9.19668986850047, 9.20115422974959, 9.372875847499927, 9.176816363999933, 9.171976906751297, 9.232159279749794, 9.207879039249747, 9.896970901250825, 9.165236915249807, 9.298250133749207, 9.183015530499688, 9.163504625250425, 9.215833723250398, 10.070588761750514, 9.158373713999026, 9.177719797750797, 9.20804635750028, 9.557664784499138, 9.189364970000497, 10.56965668849989, 9.233306988499862, 9.271078628248688, 9.21275184975002, 9.239017104750019, 9.225768389500445, 9.26693117800005, 9.193685784500303],