{"confirmation": {"default": {"mean": [10.569090493023396, 11.245161573257064, 11.188085647008847, 7.330596472020261, 11.055086262960685, 11.165302581503056, 11.235353162250249, 7.36960512175574, 10.791355267021572, 7.342091651458759, 11.293792343290988], "min": [7.692472337046638, 7.497212045942433, 7.55669628106989, 7.156710562994704, 7.54959169391077, 7.431056270026602, 7.477024213061668, 7.185131410951726, 7.455578536028042, 7.1292286339448765, 7.58081617008429], "max": [13.351515384973027, 15.35609828401357, 15.090335706016049, 7.682369152083993, 14.034279032959603, 15.092907623038627, 15.29613483697176, 7.556013333029114, 14.116976476972923, 7.560765434987843, 15.280713320011273]}, "winner": {"mean": [7.212329031230183, 10.652653322962578, 11.33927870876505, 7.406689612718765, 11.373208834498655, 7.3958348812302575, 7.376769158989191, 7.449415677954676, 11.098856394528411, 11.136671531246975, 7.3220421913138125], "min": [7.052768087014556, 7.374052996980026, 7.4360582360532135, 7.23982494790107, 7.442201119032688, 7.251038236892782, 7.134558376041241, 7.385348220006563, 7.416209210990928, 7.53155619406607, 7.132445062045008], "max": [7.616803145036101, 13.95585827191826, 15.648183749988675, 7.500275647034869, 15.811288745026104, 7.562977715046145, 7.586132226977497, 7.5732164569199085, 15.227253680001013, 14.97412925795652, 7.575616509071551]}}, "conv": [0.323, 0.389, 0.453, 0.455, 0.478, 0.508, 0.531, 0.548, 0.588, 0.617, 0.633, 0.641, 0.652, 0.663, 0.675, 0.684, 0.67, 0.68, 0.683, 0.698, 0.732, 0.754, 0.772, 0.779, 0.793, 0.81, 0.825, 0.84, 0.856, 0.865, 0.873, 0.879, 0.884, 0.89, 0.894, 0.891, 0.896, 0.912, 0.924, 0.924, 0.939, 0.937, 0.936, 0.935, 0.946, 0.958], "data": {"upper": [7.705105517990887, 7.5765647230437025, 7.721926774014719, 7.56272164999973, 7.631906133960001, 7.522940994007513, 7.703939511091448, 7.729654854047112, 7.557265541050583, 7.677348186960444, 7.833563194959424, 7.787321720039472, 7.66960248502437, 7.726483089965768, 7.5971492970129475, 7.6003273270325735, 7.713911137892865, 7.596085409051739, 7.615639877971262, 7.6349405399523675, 7.584890894941054, 7.590642055030912, 7.591542243026197, 7.533979244995862, 7.66488097095862, 7.575011607026681, 7.560043620993383, 7.63579129090067, 7.586298078997061, 7.607734171091579, 7.605070000980049, 7.592680269968696, 7.599700281978585, 7.55568191409111, 7.559500693925656, 7.677186857094057, 7.703330677002668, 14.000521703972481, 14.0264612340834, 7.585258702980354, 7.529129542061128, 7.584923012065701, 7.615958069916815, 7.515752807026729, 7.6255443539703265, 7.578021921101026, 7.675339355948381, 7.612722832011059, 7.523890743032098, 7.624582900083624, 7.860143259051256, 7.651601136894897, 7.595453720074147, 7.517324927030131, 7.68141039297916, 7.737392176990397, 7.734012458939105, 7.735516589949839, 7.724162991042249, 7.597061275038868, 7.556671870988794, 7.64177319908049, 7.528379313996993, 7.547399839968421, 7.576192847918719, 7.632631652988493, 7.500568237970583, 7.658263637102209, 7.507110287901014, 7.590213818009943, 7.588619571994059, 7.6382830400252715, 7.585887440014631, 7.574822655064054, 7.526101224008016, 7.692656651954167, 7.628329665982164, 7.563952696975321, 7.672044952982105, 7.538830648991279, 7.731316021992825, 7.843359564081766, 7.73597773804795, 7.7940290190745145, 7.824862490990199, 8.690603185095824, 13.731815992970951, 7.655158341047354, 7.6197001580148935, 7.5976090169278905, 7.610517266904935, 7.608891166979447, 7.651955644949339, 7.687346455990337, 7.530833620112389, 7.732809019973502, 7.699246196891181, 7.613360838033259, 7.643496199976653, 7.599302814924158, 7.540656495955773, 7.594595976057462, 7.6634660749696195, 7.507059394964017, 7.489239033078775, 7.493652582983486, 7.569312772946432, 8.048375151003711, 7.509357204078697, 7.5418081869138405, 7.9184755550231785, 7.575105092022568, 7.610336801037192, 7.580023652990349, 7.647662368020974, 7.633416423923336, 7.535896330024116, 7.566452291095629, 7.661619748920202, 7.612257555942051, 7.572525092982687, 7.593242296949029, 7.555124770035036, 7.723496438935399, 7.592812118004076, 7.690760949975811, 7.740778948995285, 7.638167691999115, 7.569158961996436, 7.769028804032132, 7.638203150010668, 7.59467644803226, 7.559935643919744, 7.646765702054836, 7.759958502021618, 7.603942019981332, 7.641203013015911, 7.492430800921284], "mean": [7.298106593982084, 7.407400895754108, 7.439403152209707, 7.2714466889738105, 7.288726658734959, 7.34427837599651, 7.275381856277818, 7.3113177249906585, 7.312688535021152, 7.324182966724038, 7.395279625983676, 7.490757614781614, 7.272096055268776, 7.507622723991517, 7.51304822077509, 7.259051020781044, 7.395601530966815, 7.456216938473517, 7.257715398765868, 7.330896398983896, 7.501668107230216, 7.236257707234472, 7.257434461527737, 7.3297529879782815, 7.254315519967349, 7.277517198235728, 7.418209727969952, 7.2380770214949735, 7.3035789672867395, 7.458901996491477, 7.218358734506182, 7.232941516005667, 7.248742245719768, 7.256820820475696, 7.492228466231609, 7.504137853567954, 7.518443738255883, 10.66720900227665, 10.696917553519597, 7.233989596745232, 7.391254475776805, 7.408942658774322, 7.227669727697503, 7.29993130301591, 7.328050959506072, 7.256790411775, 7.332565478980541, 7.431916082743555, 7.2343731075234246, 7.273055069264956, 7.362830724247033, 7.232945527735865, 7.244448357989313, 7.249168045003898, 7.306085517979227, 7.3097000700072385, 7.310381949471775, 7.309680206730263, 7.359970308287302, 7.362939777463907, 7.208307158492971, 7.260738356271759, 7.429053528467193, 7.182651628507301, 7.218922865722561, 7.444391565484693, 7.223069827014115, 7.246442242292687, 7.292418636701768, 7.217352136969566, 7.251707349758362, 7.253431343473494, 7.262346914736554, 7.354014166281559, 7.363448021205841, 7.222665597510058, 7.230701096734265, 7.2374306815327145, 7.2920004277839325, 7.3845125377119984, 7.494901505007874, 7.404865274525946, 7.4838852174871136, 7.635341290762881, 7.416439806984272, 7.9748668234969955, 10.123649315733928, 7.244852734525921, 7.253366124990862, 7.264642820227891, 7.215434794430621, 7.276438561268151, 7.3435126182448585, 7.334144676482538, 7.344318579533137, 7.3726079602201935, 7.318458388996078, 7.335616158525227, 7.381955623975955, 7.209771697962424, 7.219944978714921, 7.244175683998037, 7.235371748247417, 7.278424925985746, 7.296776812261669, 7.328135889023542, 7.451569868484512, 7.465663680486614, 7.2903919712407514, 7.4117891529458575, 7.414727978000883, 7.221166569448542, 7.241058943502139, 7.264275605004514, 7.238917010748992, 7.281553199747577, 7.441402073309291, 7.23861990327714, 7.26942274873727, 7.319053063227329, 7.327020363998599, 7.41729150924948, 7.439097964728717, 7.263424985954771, 7.266881092247786, 7.277493054512888, 7.293488430761499, 7.337786268268246, 7.41234147749492, 7.275865879521007, 7.32366683325381, 7.372951974248281, 7.30835373501759, 7.317749244015431, 7.401642662764061, 7.2340950762154534, 7.243488962732954, 7.292613472498488],