{"gen": 46, "conv": [0.341, 0.432, 0.483, 0.485, 0.501, 0.503, 0.508, 0.541, 0.552, 0.574, 0.598, 0.619, 0.641, 0.676, 0.697, 0.708, 0.73, 0.749, 0.739, 0.732, 0.725, 0.721, 0.726, 0.743, 0.759, 0.778, 0.789, 0.794, 0.816, 0.823, 0.828, 0.843, 0.86, 0.881, 0.895, 0.911, 0.926, 0.936, 0.925, 0.929, 0.939, 0.93, 0.916, 0.934, 0.953], "data": {"upper": [8.135785047001264, 8.315586232001806, 8.299318807999953, 8.186377391997667, 7.815338765998604, 7.92965003900099, 7.875523499002156, 7.906914735001919, 7.865177513001981, 8.0510289369995, 8.388197576001403, 8.075708480002504, 7.936715366002318, 7.7095346370006155, 7.952553410999826, 7.807045673001994, 8.03146103600011, 8.040202890002547, 7.783547773000464, 7.891422805001639, 7.824399487999472, 7.787977400999807, 7.930717695002386, 7.990132112001447, 7.927666268999019, 7.960001790001115, 8.256105903001298, 7.860728585001198, 7.722431563997816, 7.942456368997227, 7.902240229999734, 7.71916041899749, 7.664005069997074, 7.761956915997871, 7.7701889960007975, 7.681617162998009, 7.566983428001549, 7.662204850999842, 7.6160714520010515, 7.3919546180004545, 7.9119344069986255, 7.507370287999947, 7.735069228001521, 7.731832743000268, 7.6538922949985135, 8.072583585999382, 7.968364701002429, 7.602870868999162, 7.722540609000134, 7.952929001003213, 7.757924693993118, 7.42002405099629, 7.823542604004615, 7.880248670997389, 7.90924491899932, 8.057247249998909, 7.971749336000357, 7.947004784997262, 7.6423423279993585, 7.704019310003787, 7.628751863005164, 7.5576423309976235, 8.023784999997588, 7.629869258998951, 7.425273141998332, 7.592987037998682, 7.668829900998389, 7.806908024002041, 7.997347065997019, 7.482738630998938, 7.675613111001439, 7.684881540000788, 7.40167627500341, 8.009232910997525, 7.812577034004789, 7.707993647003605, 7.777190918000997, 8.262569177997648, 7.451133996997669, 7.445888096000999, 7.805410469001799, 7.7003535620024195, 8.00451770699874, 7.76556711000012, 7.384902290999889, 7.495925770002941, 7.653428609002731, 7.50209008299862, 7.6638184579933295, 7.460444827003812, 7.282595100004983, 7.499045249998744, 7.466216087996145, 7.666295832998003, 7.693373492002138, 7.352958841001964, 7.2786962169993785, 7.345685797001352, 7.486294371999975, 7.729582139996637, 7.42623101099889, 7.459217483999964, 7.690530516003491, 7.592210446004174, 8.084887990997231, 7.365889517997857, 7.543960031995084, 7.432095761003438, 7.386028476998035, 7.385461977995874, 7.483732134001912, 7.321165615998325, 7.568669811000291, 7.400627342998632, 7.318861239997204, 7.563131540999166, 7.585585660002835, 7.576296259998344, 7.613721292000264, 7.5724039299966535, 7.3717480179984705, 7.582165644998895, 7.548264522003592, 7.391140173000167, 7.560243449996051, 7.652253750005912, 7.415170733998821, 7.4145766549991095, 7.851531282001815, 7.496694531000685, 7.364495621994138, 7.504409396002302, 7.46940261599957, 7.720804210999631, 7.542584369002725], "fitness": [0.5316444126479469, 0.5243572393617125, 0.5224251777782174, 0.5427322079068272, 0.5373216808707532, 0.5359876058218211, 0.549608224680305, 0.548856756630335, 0.547412828421138, 0.546366983210608, 0.5399437688053411, 0.5316353154420859, 0.55297757411424, 0.5468372824486916, 0.5440917088124705, 0.5597213204890298, 0.5495209527775545, 0.5460944822705786, 0.5503920674178991, 0.5487538538247273, 0.5471757833315549, 0.5524681484210636, 0.5465960914695862, 0.5455643111521429, 0.5478234940537453, 0.5448774124197494, 0.5401102566767878, 0.5549174432722633, 0.5450606323038731, 0.5447982615476251, 0.5531293609669359, 0.5508314430386054, 0.5493267302940332, 0.5539590042056652, 0.553596779916539, 0.5529989463550602, 0.5650315586522658, 0.5578600221582409, 0.555169622511905, 0.5668275651183765, 0.5571735391575007, 0.5562114749146547, 0.5628533243687563, 0.5587460501006071, 0.5580210360458917, 0.5573657520623556, 0.5562124055250045, 0.5520888570783786, 0.5542652940093042, 0.5511566288829571, 0.5508399141748745, 0.5626372539362289, 0.5532622559282652, 0.5408955142612567, 0.5490620830880606, 0.5386260022114832, 0.5335165894428707, 0.5584908188383447, 0.5538391006236189, 0.5460692695614644, 0.5522825224517396, 0.5514836821009406, 0.5510501730049446, 0.5656437149481218, 0.5617067529647112, 0.553259557021654, 0.5667019648594723, 0.5568359169026236, 0.5534911204012474, 0.5634787903680332, 0.5515536441280972, 0.5515139908260449, 0.5642673964253884, 0.5532520288142729, 0.5513172778908851, 0.5579902045018691, 0.5559360572754429, 0.5493762462062588, 0.5641771454847602, 0.5595438185004925, 0.5553528415782872, 0.5596583008596605, 0.5544987873794517, 0.5544527233113644, 0.5644042355090949, 0.560016190982881, 0.5581871197571111, 0.5652539443230116, 0.5591661615852157, 0.5589435512834524, 0.5741325528431226, 0.5665243370211794, 0.5639456862750779, 0.5687940801541063, 0.5665113300315849, 0.5653970242718478, 0.5720700703084273, 0.5715073515961214, 0.5648615393161395, 0.5634627115125997, 0.5601227414648282, 0.5583265744595607, 0.5531565331800413, 0.5499659789365315, 0.546134748799477, 0.571570763724673, 0.5686936927831807, 0.5622178757053368, 0.5654951042702568, 0.5653375688262664, 0.5590608015806401, 0.568040075657904, 0.5645122234046963, 0.5640608285601743, 0.572270617447693, 0.5597078108764962, 0.5590727909916186, 0.5686239898049168, 0.5676876674694802, 0.5622241395689381, 0.5691970248163097, 0.5676395659686422, 0.5673099869999455, 0.5685345925511434, 0.5663233297777133, 0.5588438802538189, 0.5611773775531357, 0.5611546738177224, 0.5609064941297056, 0.566962627014974, 0.5638245291391463, 0.5589935153164352, 0.5638265696795355, 0.5581915226045033, 0.5545428062779603],