{"gen": 66, "data": {"fitness": ["-0.33", "-0.98", "-1.15", "0.56", "0.41", "0.29", "0.91", "0.59", "0.24", "0.47", "0.33", "-0.02", "1.36", "0.60", "0.41", "0.72", "0.72", "0.70", "1.00", "0.57", "0.30", "0.97", "0.96", "0.48", "0.87", "0.82", "0.60", "1.39", "0.95", "0.60", "1.28", "1.05", "1.04", "1.72", "1.11", "1.00", "0.71", "0.37", "0.34", "0.71", "0.28", "0.22", "0.93", "0.90", "0.70", "1.20", "1.13", "1.04", "1.12", "0.97", "0.91", "1.07", "1.04", "0.91", "0.73", "0.66", "0.58", "1.57", "1.08", "0.73", "0.89", "0.87", "0.86", "1.18", "1.00", "0.79", "1.87", "0.88", "0.80", "1.16", "1.10", "1.10", "1.14", "0.96", "0.88", "1.29", "0.70", "0.45", "0.72", "0.56", "0.55", "0.75", "0.65", "0.60", "1.88", "1.03", "0.89", "1.01", "0.94", "0.84", "0.96", "0.72", "0.56", "0.97", "0.78", "0.59", "1.10", "0.61", "0.54", "1.04", "0.60", "0.57", "1.18", "0.79", "0.55", "1.28", "1.11", "0.63", "1.32", "1.20", "0.96", "0.88", "0.71", "0.69", "1.63", "1.07", "0.86", "0.96", "0.64", "0.61", "1.11", "0.93", "0.42", "1.49", "1.20", "0.81", "1.19", "0.89", "0.85", "1.30", "1.06", "1.04", "0.41", "0.36", "0.34", "0.84", "0.81", "0.80", "1.09", "0.87", "0.62", "1.35", "1.15", "0.85", "0.78", "0.72", "0.71", "1.11", "0.99", "0.87", "1.38", "1.10", "1.02", "1.19", "0.75", "0.75", "1.47", "1.11", "1.02", "1.38", "0.82", "0.75", "1.01", "0.97", "0.85", "0.78", "0.68", "0.64", "1.30", "1.09", "0.94", "1.80", "1.00", "0.94", "1.25", "1.03", "0.92", "0.93", "0.92", "0.75", "1.52", "1.11", "1.02", "1.01", "0.84", "0.79", "0.98", "0.80", "0.75", "0.79", "0.69", "0.57", "0.80", "0.67", "0.52"], "upper": [9.555998059004196, 9.69042672800424, 10.458225301998027, 9.663082648003183, 9.553273229001206, 9.753864370002702, 9.656543598001008, 9.821549369997228, 10.175148023001384, 9.701541565002117, 9.492596292999224, 9.630990413999825, 9.563405214998056, 9.5138378690026, 9.547091713000555, 9.457077176004532, 9.64305883799534, 9.646489803002623, 9.514580322997062, 9.635946501002763, 9.454813137999736, 9.518765490996884, 9.475817368002026, 9.475632683002914, 9.370718980004312, 9.557203706004657, 9.867762267000217, 9.561719058998278, 9.463069986995833, 9.74254066299909, 9.550476465003158, 9.386754440005461, 9.643779006000841, 9.44027113699849, 9.490227012996911, 10.155635786999483, 9.566257983999094, 9.43648026700248, 9.518208387999039, 9.86711293800181, 9.500936994998483, 9.437856106000254, 9.578230636005173, 9.687186230003135, 9.528305781997915, 9.680176636997203, 9.492371794003702, 9.45862216399837, 9.550728294998407, 10.015737050001917, 9.489965481996478, 9.479499378001492, 9.44145082400064, 9.541261735001171, 9.573699434004084, 9.519399186996452, 9.465531421003107, 9.459870098995452, 9.75527932899422, 9.61011160400085, 9.612142077996396, 9.467869783002243, 9.424761317997763, 9.539844457001891, 9.411591464006051, 9.398770678999426, 9.716291036995244, 9.412420130996907, 9.490668254999036, 9.420743055998173, 9.390608920999512, 9.365237548998266, 9.502212027000496, 9.408147033995192, 9.453678252000827, 9.521243095994578, 9.605432958996971, 9.499898931993812, 9.438227541002561, 9.519248848999268, 10.319127824004681, 9.504055963996507, 10.041973557999881, 9.528423612006009, 9.419341409004119, 9.450387074997707, 9.690575482993154, 9.53336250299617, 9.493022449998534, 9.596814636999625, 9.795504335997975, 9.482507173001068, 9.526031762994535, 9.485607691996847, 9.478253672998108, 9.508384066000872, 9.4272910159998, 9.560095426000771, 9.47842799499631, 9.366359264000494, 9.601403240005311, 9.585857092002698, 9.677534431997628, 9.514864060998661, 9.561782541997673, 9.373193127998093, 9.573085613999865, 9.918384797994804, 9.687440013003652, 9.53845103999629, 9.431310539999686, 9.60160478999751, 9.451881189001142, 9.472094165997987, 9.499682654997741, 9.715435168000113, 9.842406427997048, 9.527628355994239, 9.6503979170011, 9.598359702999005, 9.460850991003099, 9.64501981799549, 9.479908187997353, 9.506877669999085, 9.357232295005815, 10.081513392004126, 9.457046075003745, 9.54197615400335, 9.742797116006841, 9.484271313005593, 9.699554955004714, 9.493322911999712, 10.957150089998322, 9.527616660001513, 9.484120190005342, 9.4813469360015, 9.435952444000577, 9.579074871006014, 9.552081811001699, 9.42745635400206, 9.409058368000842, 9.625792853999883, 9.695675953000318, 9.492756599996937, 9.489542930001335, 9.577963383999304, 9.515082614001585, 9.585251058997528, 10.223161984002218, 9.45561370300129, 9.501475764998759, 9.61789498500002, 9.63359282699821, 9.598340447002556, 9.669670098999632, 9.472895172002609, 9.4865439339992, 9.621026298002107, 9.596775902995432, 9.48361613900488, 9.495072017001803, 9.42880812400108, 9.437189293996198, 9.560310893997666, 9.561892489000456, 9.496537630999228, 9.49438172399823, 10.067654207996384, 9.522744118003175, 9.543684181997378, 9.544181955003296, 9.431929364996904, 9.396383977997175, 9.426097623996611, 9.3950473540026, 9.455414814001415, 9.764513959999022, 9.432389737994527, 9.422264849003113, 9.68964023800072, 9.44849677500315, 9.470667139001307, 9.521548940996581, 9.49365620000026, 9.734519222998642, 9.596138092994806, 9.545340757002123, 9.448632480001834, 9.446414866004488, 9.601847293997707, 9.39699627099617, 9.74527550599305, 9.577909706000355, 9.579911231994629, 9.479178649002279],