{"conv": [1.0], "gen": 2, "confirmation": {"default": {"min": [8.97462801495567, 9.093410425120965, 9.120639799861237, 9.157872629119083, 9.161646140972152, 9.154954532161355, 9.168609560932964, 9.13514280016534, 9.113642832031474, 9.161280567990616, 9.173243280965835], "mean": [9.331289954308886, 9.342676733213011, 9.47175319865346, 9.478533268498722, 9.4109412857797, 9.597700160578825, 9.394951732188929, 9.415160869073588, 9.344510061258916, 9.508547860546969, 9.489526412740815], "max": [9.69549306994304, 9.63989258185029, 9.896049555856735, 9.878709612879902, 9.721627552062273, 10.354744746116921, 9.679152046097443, 9.684757369104773, 9.558672914048657, 9.886011556023732, 9.827710059005767]}, "winner": {"min": [9.060020034201443, 9.149177674902603, 9.090057566994801, 9.178481193026528, 9.189324733102694, 9.145534191047773, 9.200430743861943, 9.107221697922796, 9.115095343906432, 9.154568288940936, 9.210726839955896], "mean": [9.368363299057819, 9.44890322291758, 9.397451900760643, 9.394705546961632, 9.40514320274815, 9.438856611493975, 9.438890321471263, 9.379253657825757, 9.341467380989343, 9.369500828208402, 9.499174274562392], "max": [9.823202759027481, 9.833374528912827, 9.75812819506973, 9.609893348999321, 9.711769407847896, 9.759692593012005, 9.72622255096212, 9.79180332715623, 9.57258427189663, 9.6490700149443, 9.87351208506152]}}, "data": {"lower": [9.04987514205277, 9.074875919148326, 9.081792161101475], "mean": [9.315966368711088, 9.350249831564724, 9.350372591754422], "fitness": ["-0.84", "-1.12", "-1.19"], "upper": [9.537065943004563, 9.62722451519221, 9.613576239906251]}, "critical_gen": 0, "converged_params": [29]}