{"conv": [0.332, 0.387, 0.428, 0.48, 0.481, 0.492, 0.53, 0.567, 0.605, 0.637, 0.669, 0.694, 0.733, 0.752, 0.765, 0.756, 0.748, 0.75, 0.75, 0.766, 0.799, 0.817, 0.805, 0.799, 0.786, 0.799, 0.811, 0.802, 0.793, 0.792, 0.803, 0.825, 0.842, 0.854, 0.863, 0.885, 0.906, 0.897, 0.882, 0.885, 0.872, 0.901, 0.908, 0.901, 0.902, 0.905, 0.904, 0.892, 0.9, 0.906, 0.903, 0.905, 0.901, 0.919, 0.93, 0.928, 0.926, 0.932, 0.949, 0.96], "confirmation": {"winner": {"max": [8.566513570025563, 15.79202863003593, 10.921576002030633, 8.385955313919112, 9.278741161921062, 8.29952694196254, 8.987120367004536, 15.767397600924596, 8.399414503015578, 8.300632388098165, 8.248213207931258], "mean": [8.034893297270173, 11.64952721647569, 8.446647031756584, 7.837586512236157, 8.271546972973738, 7.967974900500849, 8.395315403264249, 11.66532006073976, 8.03809955655015, 7.998233061545761, 7.990808034985093], "min": [7.826180103002116, 7.792524390970357, 7.457015816005878, 7.493784393998794, 7.448548106011003, 7.8303323200671, 7.829553464078344, 7.914424523012713, 7.455694802105427, 7.70140523603186, 7.704471755074337]}, "default": {"max": [8.311459564021789, 8.750028829905204, 15.695298430975527, 14.812297469004989, 8.544072292046621, 8.362267059041187, 15.081111842999235, 8.400464809965342, 16.980058579007164, 9.3175233110087, 9.013623808976263], "mean": [7.6203822959796526, 8.065595737454714, 11.723060444724979, 11.339128463499947, 8.15934164551436, 7.892537208012072, 11.676059746008832, 8.069283870252548, 12.394239246990765, 8.477278342004865, 8.067768498236546], "min": [7.1803862089291215, 7.4894299489678815, 7.858240857953206, 7.858131418004632, 7.577957800007425, 7.536162690026686, 8.141094246995635, 7.913635324919596, 8.121389760053717, 7.623908433946781, 7.533692389028147]}}, "data": {"fitness": [0.5313894227016506, 0.5287350751976618, 0.5212558339938227, 0.5253352943461396, 0.5236250565448618, 0.520334776199961, 0.5219906864086381, 0.5173659270838553, 0.5110071006637477, 0.5185912597145584, 0.3602880330984649, 0.3581171881679396, 0.5237526767441574, 0.5179090681502843, 0.5097035153038503, 0.5255407434183506, 0.5214703181129753, 0.5202512088636031, 0.5082334055994892, 0.5031989271821893, 0.4920918107965353, 0.511431731708379, 0.5104827785798208, 0.5078106700942282, 0.52164949829347, 0.5188235264139861, 0.5142787868282591, 0.5162963205539898, 0.5076454094042799, 0.49198504140998156, 0.5268536963703473, 0.5129903875655842, 0.5112182664968564, 0.5147052456006743, 0.5132066078434224, 0.5035031286439111, 0.5282075299897736, 0.5260791083846366, 0.5196591642717077, 0.5113666696967576, 0.5014062911802956, 0.5013339955322025, 0.5122226992474308, 0.5115764734166091, 0.5090497940502918, 0.5193957704696125, 0.5179190275985028, 0.509505852389067, 0.5174398415149704, 0.5047178594779571, 0.4720079658932436, 0.5144796266959373, 0.5031940268633797, 0.5015861045280412, 0.5282643438676363, 0.5261589306551869, 0.5248077700075585, 0.5279323621858307, 0.5142154725104624, 0.510231877173647, 0.45360420377835403, 0.3605899751960357, 0.3588077366009258, 0.5237782598577753, 0.5234141240511827, 0.5192245163636402, 0.527276503994888, 0.5270151947643101, 0.5145396283808701, 0.5197041117782023, 0.5119251730197845, 0.5083122812020103, 0.5280592103572004, 0.5200256650869883, 0.5197236138290581, 0.5230113080702073, 0.5207882219529284, 0.5094030021113646, 0.5222244733781226, 0.5162867124777418, 0.5085795353515218, 0.5263133120171287, 0.5230750507761187, 0.5223661609416363, 0.5183888683986209, 0.5181178702508475, 0.5167097116225086, 0.5230975652455587, 0.5228239215597839, 0.5124776304476327, 0.5249283135404806, 0.5246521162814479, 0.5223922075347714, 0.5263991638711546, 0.5246931441489773, 0.5198277835828026, 0.5274531798860694, 0.5202172597922331, 0.5191776770218763, 0.5212872078972223, 0.5158503540451397, 0.5157426303632133, 0.5265587579104354, 0.5259163338811317, 0.5185707829949837, 0.5274896306580351, 0.5157886868105688, 0.515255461342988, 0.5251311008015521, 0.5239755920770538, 0.5228855828674712, 0.529478298303178, 0.5277661383640567, 0.5269250952531498, 0.5266813291512592, 0.5261202582034233, 0.5231069534509851, 0.5276306204443505, 0.5257051832500943, 0.5227664222567616, 0.5257681667899505, 0.5098482423335986, 0.5050267615731272, 0.5252366308936169, 0.5247950336057123, 0.5231724774079515, 0.5265654082097478, 0.520993210794572, 0.5134639879855306, 0.5278668276564235, 0.5229472141650257, 0.4950401829050781, 0.5263279178489012, 0.5261411428832597, 0.5259951884516672, 0.5261930828426669, 0.5166406517610885, 0.5158690065105404, 0.5200491216127674, 0.512045102394241, 0.5114926043378913, 0.5252880428087767, 0.5242912399407529, 0.5234417199864984, 0.5262654538911692, 0.525281292100069, 0.5244820290929957, 0.5229780079435661, 0.5171940650464918, 0.507384861141778, 0.5229034538624662, 0.5189761149218601, 0.5125434354998838, 0.5084519273696381, 0.5069456444189657, 0.5063742363527354, 0.5208878504813318, 0.457096643634364, 0.45654990126752165, 0.5202182455063092, 0.5189032157822009, 0.5138600764473699, 0.5246811681700569, 0.5232770748949203, 0.5171878468933464, 0.5245809243230412, 0.5241171562434843, 0.5198360285649654, 0.5237303209732087, 0.5161728734493473, 0.5090345883709421, 0.5072348960056412, 0.5057433817138948, 0.505394163913404, 0.5222306326431359, 0.5184582915128226, 0.5132893402040158, 0.5278906264381674, 0.5255491199038135, 0.5243771649118318],