{"conv": [0.341, 0.421, 0.492, 0.523, 0.52, 0.563, 0.589, 0.595, 0.606, 0.612, 0.633, 0.642, 0.645, 0.671, 0.691, 0.705, 0.711, 0.716, 0.706, 0.702, 0.714, 0.737, 0.761, 0.761, 0.764, 0.774, 0.777, 0.81, 0.835, 0.835, 0.84, 0.833, 0.832, 0.832, 0.844, 0.853, 0.846, 0.839, 0.837, 0.855, 0.878, 0.899, 0.909, 0.919, 0.92, 0.918, 0.927, 0.935, 0.939, 0.946, 0.952], "data": {"lower": [7.276647054008208, 7.302143380991765, 7.24110692999966, 7.220469726991723, 7.273559891997138, 7.292167519000941, 7.149161014996935, 7.194964944006642, 7.2014259720017435, 7.158551100001205, 7.1854256549995625, 7.163755057001254, 7.608114741000463, 7.889595353990444, 8.28612355000223, 7.368126627989113, 7.370915656996658, 7.429529113011085, 7.816429591010092, 7.1890624959924025, 7.198903846991016, 7.248846778005827, 7.137319251996814, 7.404561524002929, 7.254824287010706, 7.339012425989495, 7.959091166005237, 7.823780099002761, 7.886455742001999, 8.089683814003365, 7.202540236001369, 7.284237064988702, 7.214251330995467, 7.227346336003393, 7.1588748619979015, 7.3054587399965385, 7.205033872000058, 7.168570833004196, 7.161747859994648, 7.314951510998071, 7.102311277994886, 7.219195883008069, 7.192632910999237, 7.23331050798879, 7.103102621011203, 7.135162699996727, 7.314103038996109, 7.332711137001752, 7.275698078999994, 7.9304748110007495, 7.136896882992005, 7.15587061100814, 7.301744563999819, 7.159912440998596, 7.134377397000208, 7.069278598995879, 7.165835589999915, 7.160262354009319, 7.113460628999746, 7.144943206003518, 7.286009653995279, 7.193814226993709, 7.145774116987013, 7.429617157991743, 7.346384457996464, 7.443833502999041, 7.208937845003675, 7.284278020000784, 7.2053464249911485, 7.295391478997772, 7.309392133989604, 7.294134856012533, 7.23856117700052, 7.667075901001226, 7.361510161994374, 7.177416708989767, 7.308303869998781, 7.103745633008657, 7.187313600006746, 7.234689532007906, 7.970695721000084, 7.133469234002405, 7.121614442003192, 7.165654401993379, 7.151078292008606, 7.1494575290125795, 7.116055063001113, 7.11424617699231, 7.163066383000114, 7.628725566988578, 7.238211797986878, 7.149844438012224, 7.184494450018974, 7.117662481992738, 7.11712777800858, 7.2113317379844375, 7.111949743994046, 7.054447062982945, 7.211696791026043, 7.065670119976858, 7.095233146013925, 7.168084158009151, 7.306436884973664, 7.2583442209870555, 7.865944851975655, 7.629979516001185, 7.081890626985114, 7.130367682984797, 7.06680278602289, 7.635945406014798, 7.715755291981623, 7.140312883013394, 7.099577753018821, 7.141210747009609, 7.1665802510106005, 7.737153371999739, 7.409101224999176, 7.147966321994318, 7.062476093007717, 7.068545918999007, 7.113879532989813, 7.233641031023581, 7.9269762719923165, 7.06875807599863, 7.073596712987637, 7.091356099001132, 7.037499066005694, 7.134562046994688, 7.065895960986381, 7.038892497017514, 7.118681174993981, 7.12557802000083, 7.134611483023036, 7.12529843498487, 7.594174554018537, 7.071427910006605, 7.0777822230011225, 7.125641810009256, 7.080457100004423, 7.694224273000145, 7.1684486829908565, 7.104069546010578, 7.183247846987797, 7.192312300001504, 7.158540787000675, 7.0280065150000155, 7.051845805021003, 7.005710243014619, 7.008064368012128, 7.108638548990712, 7.110378694982501, 7.135920598986559, 7.0747930020152126], "mean": [7.745448371499758, 9.298203195496171, 10.152825915002419, 7.621277752000121, 10.265855830664805, 10.456513765171016, 7.609427236166084, 10.046710702333561, 10.076357830332805, 7.509446989502369, 7.559966502669947, 7.7121813349998165, 7.922633595497852, 8.09504192933188, 8.409464177166228, 7.832514788497065, 7.930610032499923, 8.04196883366482, 8.028519706664762, 10.25407262032968, 10.278275213994979, 7.615383767668391, 10.193515736500558, 10.409827912168112, 7.705464108502686, 7.791552438500124, 8.112142280003658, 8.01163491816745, 8.115810144830903, 8.210857534836881, 7.5861312625008095, 8.278085986499113, 10.041985113333794, 7.658565479335569, 10.168173657667163, 10.179812340495118, 7.591065183165483, 7.6231138683312265, 9.471469269497902, 7.758380002829654, 9.988303004662157, 10.143308299334118, 9.08772704666626, 9.364718391999, 9.930707666503926, 10.005429446500784, 10.067807032166456, 10.311810092668262, 7.752257901003759, 8.106610597167068, 10.053178016331609, 7.574588224665301, 7.652802416499374, 7.683346286665862, 7.475787001332113, 7.5034574193317285, 7.566368556831246, 7.621555761999237, 9.975162375330305, 10.048458643832419, 7.934893346665679, 9.329461309496159, 10.032807650330748, 9.262980086665872, 9.327185038666357, 10.154725298998528, 7.838453553500585, 7.993127464331337, 10.336201378166152, 7.69119303500338, 9.400677114332211, 9.713430631168498, 7.762501609666894, 7.96762004133537, 9.293645988667171, 7.555699041166615, 7.788030751498202, 9.933496683666212, 7.6268488833326655, 10.074267334001584, 10.334146047668279, 7.549468674667878, 9.131867468832448, 10.177109017834786, 7.6907440158368745, 9.294322123168968, 9.96701111249907, 7.462356669830721, 7.528450990166069, 7.847484117160396, 7.569805887833354, 7.601432884669824, 7.83710617266964, 7.557880505167607, 9.22492993750105, 10.036713268835834, 7.532924644003894, 9.964306650828803, 10.179334524674536, 9.898471609990034, 10.130000448664456, 10.1688100216658, 10.132936285323618, 10.246965938669746, 15.14869671232494, 7.866381738664738, 9.923281304659517, 10.087455155827532, 7.502823456500967, 7.854283459004364, 7.975202605991702, 10.088566156002344, 10.096098762500333, 10.13755630866217, 7.613251334837211, 7.90742285400241, 9.29617191333576, 7.548709515996355, 7.732934425162966, 9.892529575168737, 7.702139897829814, 7.770705000672024, 10.058180417656937, 7.467966371497217, 7.608679023838097, 9.914950140334744, 7.459116892501091, 7.486400195829144, 7.525880899503439, 7.480567319837671, 7.5105261535015115, 10.073408770665992, 7.477097589168504, 7.6086441494893124, 7.763047223168542, 7.469202143503935, 7.517084642172752, 7.52397084433566, 7.47190624383317, 7.88039251283044, 10.092803654508316, 7.528774176491424, 7.577995043330399, 7.676208566001151, 8.990638231334742, 9.026116214333646, 10.03392728966719, 7.462999416835373, 9.86261698100619, 10.006930093164556, 7.465006758827561, 7.47986894933274, 7.859455103335979],