{"data": {"mean": [7.276065503509017, 7.289570309250848, 7.2930985952407354, 7.46919176200754, 7.4692753357376205, 7.5035351097467355, 7.190170803500223, 7.382399506517686, 8.093433870759327, 7.4338314462511335, 7.740506562739029, 8.119299232988851, 7.267831628763815, 7.403018464741763, 7.508562780742068, 7.248242539993953, 7.3644546034920495, 7.4481926364969695, 7.291216730009182, 7.35765284273657, 7.886948172716075, 7.448970821496914, 7.5732308914884925, 7.631570567245944, 7.373979594514822, 7.49749841625453, 7.497917975008022, 7.220610666248831, 7.400088762267842, 7.490073340231902, 7.205234077759087, 7.277906738003367, 7.459649238240672, 7.201607923518168, 7.32079997897381, 7.46525113498501, 7.247570575753343, 7.4630322387383785, 7.5150953349948395, 7.342282295721816, 7.431979370754561, 8.205084325250937, 7.21162927550904, 7.3993431810085895, 7.514960454267566, 7.182589482501498, 7.287200215243502, 7.43213081950671, 7.433844586499617, 7.546000818518223, 7.638921765741543, 7.280276716002845, 7.335919420249411, 7.457027466763975, 7.327403075018083, 7.328758443254628, 7.340805570493103, 7.287795298238052, 7.443933571252273, 7.513119435985573, 7.22470786224585, 7.448567754749092, 7.499915303997113, 7.298693875272875, 7.354694472742267, 7.46238611949957, 7.287165226254729, 7.314177027496044, 7.415984414983541, 7.253319929513964, 7.359958368251682, 7.4726375727623235, 7.276327411018428, 7.42831304500578, 7.500370217239833, 7.413296147744404, 7.998161381256068, 8.077260067482712, 7.193939195742132, 7.277996413758956, 7.388920456753112, 7.146583211506368, 7.354670924250968, 7.47706421474868, 7.3261026374966605, 7.3383274910156615, 7.353580976006924, 7.140792871767189, 7.200169714487856, 7.313263203264796, 7.302433815013501, 7.309880719491048, 7.360308836490731, 7.356432415501331, 7.47802388825221, 7.493039637512993, 7.140618063014699, 7.1567403785011265, 7.3017318325000815, 7.16321194950433, 7.38011877250392, 7.878135314764222, 7.390838976250961, 7.615367053251248, 7.630303004509187, 7.3434824910073075, 7.347103262742166, 7.5358406002487754, 7.164194853743538, 7.445670895744115, 7.457399986989913, 7.317881152514019, 7.331198010229855, 7.401341441771365, 7.4042805572389625, 7.410734687495278, 7.442761435260763, 7.1751657415152295, 7.26622132549528, 7.3131744529964635, 7.195948459760984, 7.295009947018116, 7.306272685236763], "upper": [7.578098441998009, 7.623628886009101, 7.712503176997416, 7.6724267870304175, 7.5935689699836075, 8.269071720016655, 7.379648349015042, 7.606014860037249, 9.12502920802217, 7.668824049993418, 7.995692162017804, 8.818695092981216, 7.7000301940133795, 7.51742131402716, 8.160254774033092, 7.666448680975009, 7.752843676018529, 7.699294327001553, 7.654946895025205, 7.815357184968889, 8.971134119958151, 7.851439906982705, 7.9724062829627655, 7.746713300002739, 7.735648664005566, 7.867086531012319, 7.928445252007805, 7.630204456974752, 7.537107767013367, 7.763007020985242, 7.44862474699039, 7.328534073953051, 7.743231864995323, 7.25454377499409, 7.793667221965734, 7.677955762017518, 7.65497284400044, 7.656321874994319, 7.683650694962125, 8.0315567519865, 7.575352296989877, 9.276375408982858, 7.458545324974693, 7.813377057027537, 7.651439237990417, 7.301822441979311, 7.673572917003185, 7.57384066801751, 7.802838994015474, 7.790772343985736, 8.305435421993025, 7.681959721026942, 7.5721980790258385, 8.046485572005622, 7.376889091043267, 7.751457764999941, 7.777197276998777, 7.767036851029843, 7.559069931972772, 7.728362453985028, 7.518814873008523, 8.189413815038279, 7.736859492026269, 7.503969126031734, 7.420366726000793, 7.8314806440030225, 7.602807966002729, 7.437708088022191, 7.79718596796738, 7.581941438023932, 7.709604832984041, 7.597418457036838, 7.52783775300486, 7.649430936027784, 7.722758073010482, 7.614400763006415, 9.102111376996618, 9.078956496960018, 7.448689769022167, 7.666042199998628, 7.5332622939604335, 7.460079802025575, 7.771685799001716, 7.5521711119799875, 7.663761262956541, 7.419446523999795, 7.577901976008434, 7.234172087046318, 7.342948418983724, 7.7150756740011275, 7.842493124015164, 7.337428983009886, 7.662729219999164, 7.523326937982347, 7.811365529021714, 7.846519934013486, 7.468049028946552, 7.447513721999712, 7.368677951977588, 7.582123022002634, 7.6348233229946345, 8.709397278027609, 7.595459760981612, 8.326460899028461, 8.308240532001946, 7.585508049989585, 7.548227015999146, 7.6779827830032445, 7.491008415003307, 7.684975803014822, 7.741083281987812, 7.568964190024417, 7.599474103946704, 7.631123591039795, 7.871040380967315, 7.62202928296756, 7.778003930987325, 7.211611648031976, 7.524602790013887, 7.656076046987437, 7.285720960004255, 7.429275328002404, 7.5130989759927616], "fitness": [0.5154679794917684, 0.5145130130624939, 0.5142640997875811, 0.5021398436737261, 0.502134225230454, 0.49984157185747363, 0.5216258259007898, 0.5080433239128122, 0.46341007335513934, 0.5045283594148423, 0.48453919047080846, 0.46193380439839976, 0.516051963683353, 0.5066283167611118, 0.49950688211105043, 0.5174466449003069, 0.5092812686991259, 0.50355555592981, 0.5143968315064509, 0.5097520722856743, 0.47554246606034695, 0.5035029500880563, 0.49524157357447024, 0.49145569063342165, 0.5086234285938951, 0.5002440248086372, 0.5002160328033645, 0.5194268126482448, 0.5068288914137485, 0.5007399278185741, 0.5205353140879531, 0.5153375714694153, 0.5027821904167853, 0.5207974140740637, 0.5123181612003672, 0.5024049045271777, 0.5174946203754212, 0.5025542787119974, 0.4990726819230863, 0.510819202079567, 0.5046540896631628, 0.4571042337982121, 0.5200737087915284, 0.5068799610984276, 0.4990816394268163, 0.5221764090626164, 0.514680353628547, 0.5046438060400671, 0.5045274675979725, 0.4970286743859689, 0.49098274583251533, 0.5151698115401804, 0.5112622656937574, 0.502958960585824, 0.5118564852165299, 0.5117618233407014, 0.5109219618646856, 0.5146383275406096, 0.50384366650287, 0.4992039346239339, 0.519132241089352, 0.5035301963054895, 0.5000828185012518, 0.5138698577905937, 0.5099571161852915, 0.5025977916022207, 0.5146828248426002, 0.5127820627862945, 0.5057425385314639, 0.5170844275712061, 0.509592391163821, 0.5019082950596139, 0.5154494254978282, 0.504903167249413, 0.5000524874255844, 0.5059259348332811, 0.46893012093168607, 0.4643379998178543, 0.5213525832916963, 0.5153312217429964, 0.5075949600074127, 0.5248072642189241, 0.5099587489871988, 0.5016111505830654, 0.5119473435366894, 0.511094495078803, 0.5100343351056909, 0.5252328209339817, 0.5209014415586349, 0.5128461371483541, 0.5136066794652099, 0.5130834452254488, 0.5095681264282058, 0.5098366398147562, 0.5015467775698892, 0.5005416980535818, 0.5252456791058352, 0.5240624342068214, 0.5136560571903894, 0.5235889724026771, 0.5082003283899801, 0.47607443054636045, 0.5074631981288339, 0.49250138010646577, 0.49153733233491714, 0.5107357154233619, 0.5104840165733178, 0.4976987946931539, 0.5235171376981382, 0.5037261028938775, 0.50293383622801, 0.5125225055691234, 0.5115915268568714, 0.5067431104551127, 0.5065419597150072, 0.5061008040231422, 0.5039230151828915, 0.5227166756640681, 0.5161663285129705, 0.5128523608795912, 0.5212070104054255, 0.5141293584221395, 0.5133368196511556],